-- Generated by scripts/parse-plans/emit-sql.ts
-- DO NOT edit directly — re-run the emitter after updating JSON.
-- Paste into Supabase SQL editor AFTER applying 0002_academic.sql.

begin;

-- College & department
insert into public.collage(collage_id, collage_na)
values ('IT','كلية العلوم وتكنولوجيا المعلومات')
on conflict (collage_id) do update set collage_na = excluded.collage_na;

insert into public.department(department_id, department_na, collage_id)
values ('CS','قسم علوم الحاسوب وتكنولوجيا المعلومات','IT')
on conflict (department_id) do update set department_na = excluded.department_na;

-- Majors
insert into public.major(major_id, major_na, credit_hours, department_id)
values ('AI', 'Artificial Intelligence', 132, 'CS')
on conflict (major_id) do update set major_na = excluded.major_na, credit_hours = excluded.credit_hours;

insert into public.major(major_id, major_na, credit_hours, department_id)
values ('CYBER', 'Cybersecurity', 132, 'CS')
on conflict (major_id) do update set major_na = excluded.major_na, credit_hours = excluded.credit_hours;

insert into public.major(major_id, major_na, credit_hours, department_id)
values ('SE', 'Software Engineering', 132, 'CS')
on conflict (major_id) do update set major_na = excluded.major_na, credit_hours = excluded.credit_hours;

-- Plans
insert into public.plan(plan_id, major_id, name, version_year)
values ('AI_V1', 'AI', 'Artificial Intelligence — AI_V1', null)
on conflict (plan_id) do update set name = excluded.name, major_id = excluded.major_id;

insert into public.plan(plan_id, major_id, name, version_year)
values ('AI_V2', 'AI', 'Artificial Intelligence — AI_V2', null)
on conflict (plan_id) do update set name = excluded.name, major_id = excluded.major_id;

insert into public.plan(plan_id, major_id, name, version_year)
values ('AI_V3', 'AI', 'Artificial Intelligence — AI_V3', null)
on conflict (plan_id) do update set name = excluded.name, major_id = excluded.major_id;

insert into public.plan(plan_id, major_id, name, version_year)
values ('AI_V4', 'AI', 'Artificial Intelligence — AI_V4', null)
on conflict (plan_id) do update set name = excluded.name, major_id = excluded.major_id;

insert into public.plan(plan_id, major_id, name, version_year)
values ('CYBER_V1', 'CYBER', 'Cybersecurity — CYBER_V1', null)
on conflict (plan_id) do update set name = excluded.name, major_id = excluded.major_id;

insert into public.plan(plan_id, major_id, name, version_year)
values ('SE_V1', 'SE', 'Software Engineering — SE_V1', null)
on conflict (plan_id) do update set name = excluded.name, major_id = excluded.major_id;

insert into public.plan(plan_id, major_id, name, version_year)
values ('SE_V2', 'SE', 'Software Engineering — SE_V2', null)
on conflict (plan_id) do update set name = excluded.name, major_id = excluded.major_id;

insert into public.plan(plan_id, major_id, name, version_year)
values ('SE_V3', 'SE', 'Software Engineering — SE_V3', null)
on conflict (plan_id) do update set name = excluded.name, major_id = excluded.major_id;

insert into public.plan(plan_id, major_id, name, version_year)
values ('SE_V5', 'SE', 'Software Engineering — SE_V5', null)
on conflict (plan_id) do update set name = excluded.name, major_id = excluded.major_id;

insert into public.plan(plan_id, major_id, name, version_year)
values ('SE_V6', 'SE', 'Software Engineering — SE_V6', null)
on conflict (plan_id) do update set name = excluded.name, major_id = excluded.major_id;

-- Courses (257 distinct course codes across 10 plans)
insert into public.course(course_id, course_na, credit_hours, type, major_id, plan_id, semester_order) values ('120101', 'مهارات اللغة العربية )1(', 3, 'university', 'AI', 'AI_V1', null) on conflict (course_id) do update set course_na = excluded.course_na, credit_hours = excluded.credit_hours, type = excluded.type;
insert into public.course(course_id, course_na, credit_hours, type, major_id, plan_id, semester_order) values ('120102', 'مهارات اللغة الإنجليزية )1(', 3, 'university', 'AI', 'AI_V1', null) on conflict (course_id) do update set course_na = excluded.course_na, credit_hours = excluded.credit_hours, type = excluded.type;
insert into public.course(course_id, course_na, credit_hours, type, major_id, plan_id, semester_order) values ('120103', 'المهارات الحاسوبية )1(', 3, 'university', 'AI', 'AI_V1', null) on conflict (course_id) do update set course_na = excluded.course_na, credit_hours = excluded.credit_hours, type = excluded.type;
insert into public.course(course_id, course_na, credit_hours, type, major_id, plan_id, semester_order) values ('120111', 'التربية الوطنية', 3, 'university', 'AI', 'AI_V1', null) on conflict (course_id) do update set course_na = excluded.course_na, credit_hours = excluded.credit_hours, type = excluded.type;
insert into public.course(course_id, course_na, credit_hours, type, major_id, plan_id, semester_order) values ('120118', 'العلوم العسكرية', 3, 'university', 'AI', 'AI_V1', null) on conflict (course_id) do update set course_na = excluded.course_na, credit_hours = excluded.credit_hours, type = excluded.type;
insert into public.course(course_id, course_na, credit_hours, type, major_id, plan_id, semester_order) values ('120104', 'مهارات اللغة العربية )2(', 3, 'university', 'AI', 'AI_V1', null) on conflict (course_id) do update set course_na = excluded.course_na, credit_hours = excluded.credit_hours, type = excluded.type;
insert into public.course(course_id, course_na, credit_hours, type, major_id, plan_id, semester_order) values ('120105', 'مهارات اللغة الإنجليزية )2(', 3, 'university', 'AI', 'AI_V1', null) on conflict (course_id) do update set course_na = excluded.course_na, credit_hours = excluded.credit_hours, type = excluded.type;
insert into public.course(course_id, course_na, credit_hours, type, major_id, plan_id, semester_order) values ('120106', 'مهارات اللغة الفرنسية )1(', 3, 'university', 'AI', 'AI_V1', null) on conflict (course_id) do update set course_na = excluded.course_na, credit_hours = excluded.credit_hours, type = excluded.type;
insert into public.course(course_id, course_na, credit_hours, type, major_id, plan_id, semester_order) values ('120107', 'مهارات اللغة الفرنسية )2(', 3, 'university', 'AI', 'AI_V1', null) on conflict (course_id) do update set course_na = excluded.course_na, credit_hours = excluded.credit_hours, type = excluded.type;
insert into public.course(course_id, course_na, credit_hours, type, major_id, plan_id, semester_order) values ('120113', 'تاريخ الأردن الحديث', 3, 'university', 'AI', 'AI_V1', null) on conflict (course_id) do update set course_na = excluded.course_na, credit_hours = excluded.credit_hours, type = excluded.type;
insert into public.course(course_id, course_na, credit_hours, type, major_id, plan_id, semester_order) values ('120114', 'الثقافة الإسلامية', 3, 'university', 'AI', 'AI_V1', null) on conflict (course_id) do update set course_na = excluded.course_na, credit_hours = excluded.credit_hours, type = excluded.type;
insert into public.course(course_id, course_na, credit_hours, type, major_id, plan_id, semester_order) values ('120115', 'الحضارة الإنسانية', 3, 'university', 'AI', 'AI_V1', null) on conflict (course_id) do update set course_na = excluded.course_na, credit_hours = excluded.credit_hours, type = excluded.type;
insert into public.course(course_id, course_na, credit_hours, type, major_id, plan_id, semester_order) values ('120116', 'تاريخ الفنون', 3, 'university', 'AI', 'AI_V1', null) on conflict (course_id) do update set course_na = excluded.course_na, credit_hours = excluded.credit_hours, type = excluded.type;
insert into public.course(course_id, course_na, credit_hours, type, major_id, plan_id, semester_order) values ('120117', 'تاريخ العلوم عند المسلمين', 3, 'university', 'AI', 'AI_V1', null) on conflict (course_id) do update set course_na = excluded.course_na, credit_hours = excluded.credit_hours, type = excluded.type;
insert into public.course(course_id, course_na, credit_hours, type, major_id, plan_id, semester_order) values ('120121', 'مبادئ في علم الاجتماع', 3, 'university', 'AI', 'AI_V1', null) on conflict (course_id) do update set course_na = excluded.course_na, credit_hours = excluded.credit_hours, type = excluded.type;
insert into public.course(course_id, course_na, credit_hours, type, major_id, plan_id, semester_order) values ('120122', 'مبادئ في علم النفس', 3, 'university', 'AI', 'AI_V1', null) on conflict (course_id) do update set course_na = excluded.course_na, credit_hours = excluded.credit_hours, type = excluded.type;
insert into public.course(course_id, course_na, credit_hours, type, major_id, plan_id, semester_order) values ('120123', 'الاتصال والمجتمع', 3, 'university', 'AI', 'AI_V1', null) on conflict (course_id) do update set course_na = excluded.course_na, credit_hours = excluded.credit_hours, type = excluded.type;
insert into public.course(course_id, course_na, credit_hours, type, major_id, plan_id, semester_order) values ('120124', 'مبادئ في التربية', 3, 'university', 'AI', 'AI_V1', null) on conflict (course_id) do update set course_na = excluded.course_na, credit_hours = excluded.credit_hours, type = excluded.type;
insert into public.course(course_id, course_na, credit_hours, type, major_id, plan_id, semester_order) values ('120125', 'تعلم التفكير المنطقي', 3, 'university', 'AI', 'AI_V1', null) on conflict (course_id) do update set course_na = excluded.course_na, credit_hours = excluded.credit_hours, type = excluded.type;
insert into public.course(course_id, course_na, credit_hours, type, major_id, plan_id, semester_order) values ('120131', 'البيئة', 3, 'university', 'AI', 'AI_V1', null) on conflict (course_id) do update set course_na = excluded.course_na, credit_hours = excluded.credit_hours, type = excluded.type;
insert into public.course(course_id, course_na, credit_hours, type, major_id, plan_id, semester_order) values ('120132', 'الزراعة المنزلية', 3, 'university', 'AI', 'AI_V1', null) on conflict (course_id) do update set course_na = excluded.course_na, credit_hours = excluded.credit_hours, type = excluded.type;
insert into public.course(course_id, course_na, credit_hours, type, major_id, plan_id, semester_order) values ('120133', 'العناية بالحيوانات الداجنة والمنزلية', 3, 'university', 'AI', 'AI_V1', null) on conflict (course_id) do update set course_na = excluded.course_na, credit_hours = excluded.credit_hours, type = excluded.type;
insert into public.course(course_id, course_na, credit_hours, type, major_id, plan_id, semester_order) values ('120141', 'مبادئ التغذية', 3, 'university', 'AI', 'AI_V1', null) on conflict (course_id) do update set course_na = excluded.course_na, credit_hours = excluded.credit_hours, type = excluded.type;
insert into public.course(course_id, course_na, credit_hours, type, major_id, plan_id, semester_order) values ('120142', 'الحياة والصحة', 3, 'university', 'AI', 'AI_V1', null) on conflict (course_id) do update set course_na = excluded.course_na, credit_hours = excluded.credit_hours, type = excluded.type;
insert into public.course(course_id, course_na, credit_hours, type, major_id, plan_id, semester_order) values ('120143', 'الطب البديل: النباتات الطبية', 3, 'university', 'AI', 'AI_V1', null) on conflict (course_id) do update set course_na = excluded.course_na, credit_hours = excluded.credit_hours, type = excluded.type;
insert into public.course(course_id, course_na, credit_hours, type, major_id, plan_id, semester_order) values ('120144', 'الإسعافات الأولية', 3, 'university', 'AI', 'AI_V1', null) on conflict (course_id) do update set course_na = excluded.course_na, credit_hours = excluded.credit_hours, type = excluded.type;
insert into public.course(course_id, course_na, credit_hours, type, major_id, plan_id, semester_order) values ('120145', 'الرياضة والصحة', 3, 'university', 'AI', 'AI_V1', null) on conflict (course_id) do update set course_na = excluded.course_na, credit_hours = excluded.credit_hours, type = excluded.type;
insert into public.course(course_id, course_na, credit_hours, type, major_id, plan_id, semester_order) values ('120151', 'التفاضل والتكامل )1(', 3, 'faculty', 'AI', 'AI_V1', null) on conflict (course_id) do update set course_na = excluded.course_na, credit_hours = excluded.credit_hours, type = excluded.type;
insert into public.course(course_id, course_na, credit_hours, type, major_id, plan_id, semester_order) values ('312111', 'اساسيات تكنولوجيا المعلومات', 3, 'faculty', 'AI', 'AI_V1', null) on conflict (course_id) do update set course_na = excluded.course_na, credit_hours = excluded.credit_hours, type = excluded.type;
insert into public.course(course_id, course_na, credit_hours, type, major_id, plan_id, semester_order) values ('312151', 'مقدمة في البرمجة', 3, 'faculty', 'AI', 'AI_V1', null) on conflict (course_id) do update set course_na = excluded.course_na, credit_hours = excluded.credit_hours, type = excluded.type;
insert into public.course(course_id, course_na, credit_hours, type, major_id, plan_id, semester_order) values ('312211', 'تراكيب البيانات', 3, 'faculty', 'AI', 'AI_V1', null) on conflict (course_id) do update set course_na = excluded.course_na, credit_hours = excluded.credit_hours, type = excluded.type;
insert into public.course(course_id, course_na, credit_hours, type, major_id, plan_id, semester_order) values ('312271', 'قواعد البيانات', 3, 'faculty', 'AI', 'AI_V1', null) on conflict (course_id) do update set course_na = excluded.course_na, credit_hours = excluded.credit_hours, type = excluded.type;
insert into public.course(course_id, course_na, credit_hours, type, major_id, plan_id, semester_order) values ('312318', 'شبكات الحاسوب', 3, 'faculty', 'AI', 'AI_V1', null) on conflict (course_id) do update set course_na = excluded.course_na, credit_hours = excluded.credit_hours, type = excluded.type;
insert into public.course(course_id, course_na, credit_hours, type, major_id, plan_id, semester_order) values ('312320', 'البحث العلمي و الكتابة الفنية', 3, 'faculty', 'AI', 'AI_V1', null) on conflict (course_id) do update set course_na = excluded.course_na, credit_hours = excluded.credit_hours, type = excluded.type;
insert into public.course(course_id, course_na, credit_hours, type, major_id, plan_id, semester_order) values ('120153', 'الاحصاء والاحتمالات لطلبة تكنولوجيا المعلومات', 3, 'faculty', 'AI', 'AI_V1', null) on conflict (course_id) do update set course_na = excluded.course_na, credit_hours = excluded.credit_hours, type = excluded.type;
insert into public.course(course_id, course_na, credit_hours, type, major_id, plan_id, semester_order) values ('120252', 'تحليل عددي', 3, 'faculty', 'AI', 'AI_V1', null) on conflict (course_id) do update set course_na = excluded.course_na, credit_hours = excluded.credit_hours, type = excluded.type;
insert into public.course(course_id, course_na, credit_hours, type, major_id, plan_id, semester_order) values ('312161', 'تصميم المنطق الرقمي', 3, 'faculty', 'AI', 'AI_V1', null) on conflict (course_id) do update set course_na = excluded.course_na, credit_hours = excluded.credit_hours, type = excluded.type;
insert into public.course(course_id, course_na, credit_hours, type, major_id, plan_id, semester_order) values ('312210', 'الرياضيات المتقطعة', 3, 'faculty', 'AI', 'AI_V1', null) on conflict (course_id) do update set course_na = excluded.course_na, credit_hours = excluded.credit_hours, type = excluded.type;
insert into public.course(course_id, course_na, credit_hours, type, major_id, plan_id, semester_order) values ('312251', 'البرمجة المرئية', 3, 'faculty', 'AI', 'AI_V1', null) on conflict (course_id) do update set course_na = excluded.course_na, credit_hours = excluded.credit_hours, type = excluded.type;
insert into public.course(course_id, course_na, credit_hours, type, major_id, plan_id, semester_order) values ('312252', 'برمجة تطبيقات الانترنت', 3, 'faculty', 'AI', 'AI_V1', null) on conflict (course_id) do update set course_na = excluded.course_na, credit_hours = excluded.credit_hours, type = excluded.type;
insert into public.course(course_id, course_na, credit_hours, type, major_id, plan_id, semester_order) values ('312253', 'البرمجة الكينونية', 3, 'faculty', 'AI', 'AI_V1', null) on conflict (course_id) do update set course_na = excluded.course_na, credit_hours = excluded.credit_hours, type = excluded.type;
insert into public.course(course_id, course_na, credit_hours, type, major_id, plan_id, semester_order) values ('312261', 'تنظيم وتصميم الحاسوب', 3, 'faculty', 'AI', 'AI_V1', null) on conflict (course_id) do update set course_na = excluded.course_na, credit_hours = excluded.credit_hours, type = excluded.type;
insert into public.course(course_id, course_na, credit_hours, type, major_id, plan_id, semester_order) values ('312311', 'تصميم وتحليل الخوارزميات', 3, 'faculty', 'AI', 'AI_V1', null) on conflict (course_id) do update set course_na = excluded.course_na, credit_hours = excluded.credit_hours, type = excluded.type;
insert into public.course(course_id, course_na, credit_hours, type, major_id, plan_id, semester_order) values ('312339', 'نظم التشغيل', 3, 'faculty', 'AI', 'AI_V1', null) on conflict (course_id) do update set course_na = excluded.course_na, credit_hours = excluded.credit_hours, type = excluded.type;
insert into public.course(course_id, course_na, credit_hours, type, major_id, plan_id, semester_order) values ('313116', 'اساسيات علم البيانات', 3, 'faculty', 'AI', 'AI_V1', null) on conflict (course_id) do update set course_na = excluded.course_na, credit_hours = excluded.credit_hours, type = excluded.type;
insert into public.course(course_id, course_na, credit_hours, type, major_id, plan_id, semester_order) values ('313241', 'أساسيات الذكاء الأصطناعي', 3, 'faculty', 'AI', 'AI_V1', null) on conflict (course_id) do update set course_na = excluded.course_na, credit_hours = excluded.credit_hours, type = excluded.type;
insert into public.course(course_id, course_na, credit_hours, type, major_id, plan_id, semester_order) values ('313242', 'الذكاء الاصطناعي المتقدم', 3, 'faculty', 'AI', 'AI_V1', null) on conflict (course_id) do update set course_na = excluded.course_na, credit_hours = excluded.credit_hours, type = excluded.type;
insert into public.course(course_id, course_na, credit_hours, type, major_id, plan_id, semester_order) values ('313316', 'التنقيب في البيانات و استرجاعها', 3, 'faculty', 'AI', 'AI_V1', null) on conflict (course_id) do update set course_na = excluded.course_na, credit_hours = excluded.credit_hours, type = excluded.type;
insert into public.course(course_id, course_na, credit_hours, type, major_id, plan_id, semester_order) values ('313342', 'الانظمة الخبيرة', 3, 'faculty', 'AI', 'AI_V1', null) on conflict (course_id) do update set course_na = excluded.course_na, credit_hours = excluded.credit_hours, type = excluded.type;
insert into public.course(course_id, course_na, credit_hours, type, major_id, plan_id, semester_order) values ('313350', 'علم الادراك', 3, 'faculty', 'AI', 'AI_V1', null) on conflict (course_id) do update set course_na = excluded.course_na, credit_hours = excluded.credit_hours, type = excluded.type;
insert into public.course(course_id, course_na, credit_hours, type, major_id, plan_id, semester_order) values ('313368', 'برمجة الذكاء الاصطناعي', 3, 'faculty', 'AI', 'AI_V1', null) on conflict (course_id) do update set course_na = excluded.course_na, credit_hours = excluded.credit_hours, type = excluded.type;
insert into public.course(course_id, course_na, credit_hours, type, major_id, plan_id, semester_order) values ('313442', 'انظمة التوصية', 3, 'faculty', 'AI', 'AI_V1', null) on conflict (course_id) do update set course_na = excluded.course_na, credit_hours = excluded.credit_hours, type = excluded.type;
insert into public.course(course_id, course_na, credit_hours, type, major_id, plan_id, semester_order) values ('313443', 'التعرف على الانماط', 3, 'faculty', 'AI', 'AI_V1', null) on conflict (course_id) do update set course_na = excluded.course_na, credit_hours = excluded.credit_hours, type = excluded.type;
insert into public.course(course_id, course_na, credit_hours, type, major_id, plan_id, semester_order) values ('313460', 'تعلم الاله', 3, 'faculty', 'AI', 'AI_V1', null) on conflict (course_id) do update set course_na = excluded.course_na, credit_hours = excluded.credit_hours, type = excluded.type;
insert into public.course(course_id, course_na, credit_hours, type, major_id, plan_id, semester_order) values ('313462', 'معالجة اللغات الطبيعية', 3, 'faculty', 'AI', 'AI_V1', null) on conflict (course_id) do update set course_na = excluded.course_na, credit_hours = excluded.credit_hours, type = excluded.type;
insert into public.course(course_id, course_na, credit_hours, type, major_id, plan_id, semester_order) values ('313490', 'تدريب عملي ميداني في الذكاء الاصطناعي', 3, 'faculty', 'AI', 'AI_V1', null) on conflict (course_id) do update set course_na = excluded.course_na, credit_hours = excluded.credit_hours, type = excluded.type;
insert into public.course(course_id, course_na, credit_hours, type, major_id, plan_id, semester_order) values ('313499', 'مشروع تخرج في الذكاء الاصطناعي', 3, 'faculty', 'AI', 'AI_V1', null) on conflict (course_id) do update set course_na = excluded.course_na, credit_hours = excluded.credit_hours, type = excluded.type;
insert into public.course(course_id, course_na, credit_hours, type, major_id, plan_id, semester_order) values ('312214', 'أخلاقيات تكنولوجيا المعلومات', 3, 'faculty', 'AI', 'AI_V1', null) on conflict (course_id) do update set course_na = excluded.course_na, credit_hours = excluded.credit_hours, type = excluded.type;
insert into public.course(course_id, course_na, credit_hours, type, major_id, plan_id, semester_order) values ('313217', 'تحليل البيانات', 3, 'faculty', 'AI', 'AI_V1', null) on conflict (course_id) do update set course_na = excluded.course_na, credit_hours = excluded.credit_hours, type = excluded.type;
insert into public.course(course_id, course_na, credit_hours, type, major_id, plan_id, semester_order) values ('313273', 'الواقع الافتراضي', 3, 'faculty', 'AI', 'AI_V1', null) on conflict (course_id) do update set course_na = excluded.course_na, credit_hours = excluded.credit_hours, type = excluded.type;
insert into public.course(course_id, course_na, credit_hours, type, major_id, plan_id, semester_order) values ('313372', 'انترنت الاشياء', 3, 'faculty', 'AI', 'AI_V1', null) on conflict (course_id) do update set course_na = excluded.course_na, credit_hours = excluded.credit_hours, type = excluded.type;
insert into public.course(course_id, course_na, credit_hours, type, major_id, plan_id, semester_order) values ('313416', 'طرق متقدمة للتنقيب في البيانات', 3, 'faculty', 'AI', 'AI_V1', null) on conflict (course_id) do update set course_na = excluded.course_na, credit_hours = excluded.credit_hours, type = excluded.type;
insert into public.course(course_id, course_na, credit_hours, type, major_id, plan_id, semester_order) values ('313455', 'البيانات الكبيرة', 3, 'faculty', 'AI', 'AI_V1', null) on conflict (course_id) do update set course_na = excluded.course_na, credit_hours = excluded.credit_hours, type = excluded.type;
insert into public.course(course_id, course_na, credit_hours, type, major_id, plan_id, semester_order) values ('313456', 'التعلم العميق', 3, 'faculty', 'AI', 'AI_V1', null) on conflict (course_id) do update set course_na = excluded.course_na, credit_hours = excluded.credit_hours, type = excluded.type;
insert into public.course(course_id, course_na, credit_hours, type, major_id, plan_id, semester_order) values ('313467', 'الشبكات العصبونية', 3, 'faculty', 'AI', 'AI_V1', null) on conflict (course_id) do update set course_na = excluded.course_na, credit_hours = excluded.credit_hours, type = excluded.type;
insert into public.course(course_id, course_na, credit_hours, type, major_id, plan_id, semester_order) values ('313471', 'الروبوتات', 3, 'faculty', 'AI', 'AI_V1', null) on conflict (course_id) do update set course_na = excluded.course_na, credit_hours = excluded.credit_hours, type = excluded.type;
insert into public.course(course_id, course_na, credit_hours, type, major_id, plan_id, semester_order) values ('313492', 'موضوعات مختارة في الذكاء الاصطناعي', 3, 'faculty', 'AI', 'AI_V1', null) on conflict (course_id) do update set course_na = excluded.course_na, credit_hours = excluded.credit_hours, type = excluded.type;
insert into public.course(course_id, course_na, credit_hours, type, major_id, plan_id, semester_order) values ('120097', 'عربي استدراكي', 3, 'faculty', 'AI', 'AI_V1', null) on conflict (course_id) do update set course_na = excluded.course_na, credit_hours = excluded.credit_hours, type = excluded.type;
insert into public.course(course_id, course_na, credit_hours, type, major_id, plan_id, semester_order) values ('120098', 'انجليزي استدراكي', 3, 'faculty', 'AI', 'AI_V1', null) on conflict (course_id) do update set course_na = excluded.course_na, credit_hours = excluded.credit_hours, type = excluded.type;
insert into public.course(course_id, course_na, credit_hours, type, major_id, plan_id, semester_order) values ('120099', 'حاسوب استدراكي', 3, 'faculty', 'AI', 'AI_V1', null) on conflict (course_id) do update set course_na = excluded.course_na, credit_hours = excluded.credit_hours, type = excluded.type;
insert into public.course(course_id, course_na, credit_hours, type, major_id, plan_id, semester_order) values ('2110104', 'مهارات الإتصال والتواصل باللغة العربية )1(', 2, 'university', 'AI', 'AI_V2', null) on conflict (course_id) do update set course_na = excluded.course_na, credit_hours = excluded.credit_hours, type = excluded.type;
insert into public.course(course_id, course_na, credit_hours, type, major_id, plan_id, semester_order) values ('2110106', 'مهارات الإتصال والتواصل باللغة الإنجليزية )1(', 2, 'university', 'AI', 'AI_V2', null) on conflict (course_id) do update set course_na = excluded.course_na, credit_hours = excluded.credit_hours, type = excluded.type;
insert into public.course(course_id, course_na, credit_hours, type, major_id, plan_id, semester_order) values ('2110108', 'التربية الوطنية', 2, 'university', 'AI', 'AI_V2', null) on conflict (course_id) do update set course_na = excluded.course_na, credit_hours = excluded.credit_hours, type = excluded.type;
insert into public.course(course_id, course_na, credit_hours, type, major_id, plan_id, semester_order) values ('2110109', 'العلوم العسكرية', 3, 'university', 'AI', 'AI_V2', null) on conflict (course_id) do update set course_na = excluded.course_na, credit_hours = excluded.credit_hours, type = excluded.type;
insert into public.course(course_id, course_na, credit_hours, type, major_id, plan_id, semester_order) values ('2110115', 'الريادة و الإبتكار', 2, 'university', 'AI', 'AI_V2', null) on conflict (course_id) do update set course_na = excluded.course_na, credit_hours = excluded.credit_hours, type = excluded.type;
insert into public.course(course_id, course_na, credit_hours, type, major_id, plan_id, semester_order) values ('2110117', 'القيادة و المسؤولية المجتمعية', 2, 'university', 'AI', 'AI_V2', null) on conflict (course_id) do update set course_na = excluded.course_na, credit_hours = excluded.credit_hours, type = excluded.type;
insert into public.course(course_id, course_na, credit_hours, type, major_id, plan_id, semester_order) values ('2110120', 'مهارات حياتية', 2, 'university', 'AI', 'AI_V2', null) on conflict (course_id) do update set course_na = excluded.course_na, credit_hours = excluded.credit_hours, type = excluded.type;
insert into public.course(course_id, course_na, credit_hours, type, major_id, plan_id, semester_order) values ('2110105', 'مهارات الإتصال والتواصل باللغة العربية )2(', 3, 'university', 'AI', 'AI_V2', null) on conflict (course_id) do update set course_na = excluded.course_na, credit_hours = excluded.credit_hours, type = excluded.type;
insert into public.course(course_id, course_na, credit_hours, type, major_id, plan_id, semester_order) values ('2110107', 'مهارات الإتصال و التواصل باللغة الإنجليزية )2(', 3, 'university', 'AI', 'AI_V2', null) on conflict (course_id) do update set course_na = excluded.course_na, credit_hours = excluded.credit_hours, type = excluded.type;
insert into public.course(course_id, course_na, credit_hours, type, major_id, plan_id, semester_order) values ('2110110', 'الإسعافات الأولية و السلامة العامة', 3, 'university', 'AI', 'AI_V2', null) on conflict (course_id) do update set course_na = excluded.course_na, credit_hours = excluded.credit_hours, type = excluded.type;
insert into public.course(course_id, course_na, credit_hours, type, major_id, plan_id, semester_order) values ('2110111', '2110111', 3, 'university', 'AI', 'AI_V2', null) on conflict (course_id) do update set course_na = excluded.course_na, credit_hours = excluded.credit_hours, type = excluded.type;
insert into public.course(course_id, course_na, credit_hours, type, major_id, plan_id, semester_order) values ('2110112', 'التنمية و البيئة', 3, 'university', 'AI', 'AI_V2', null) on conflict (course_id) do update set course_na = excluded.course_na, credit_hours = excluded.credit_hours, type = excluded.type;
insert into public.course(course_id, course_na, credit_hours, type, major_id, plan_id, semester_order) values ('2110113', 'الثقافة الرقمية', 3, 'faculty', 'AI', 'AI_V2', null) on conflict (course_id) do update set course_na = excluded.course_na, credit_hours = excluded.credit_hours, type = excluded.type;
insert into public.course(course_id, course_na, credit_hours, type, major_id, plan_id, semester_order) values ('2110114', 'الحضارة الاسلامية', 3, 'faculty', 'AI', 'AI_V2', null) on conflict (course_id) do update set course_na = excluded.course_na, credit_hours = excluded.credit_hours, type = excluded.type;
insert into public.course(course_id, course_na, credit_hours, type, major_id, plan_id, semester_order) values ('2110116', 'الغذاء و الدواء )لغير طلبة كلية الصيدلة (', 3, 'faculty', 'AI', 'AI_V2', null) on conflict (course_id) do update set course_na = excluded.course_na, credit_hours = excluded.credit_hours, type = excluded.type;
insert into public.course(course_id, course_na, credit_hours, type, major_id, plan_id, semester_order) values ('2110118', 'تعلم التفكير المنطقي', 3, 'faculty', 'AI', 'AI_V2', null) on conflict (course_id) do update set course_na = excluded.course_na, credit_hours = excluded.credit_hours, type = excluded.type;
insert into public.course(course_id, course_na, credit_hours, type, major_id, plan_id, semester_order) values ('2110119', 'حقوق الملكية الفكرية', 3, 'faculty', 'AI', 'AI_V2', null) on conflict (course_id) do update set course_na = excluded.course_na, credit_hours = excluded.credit_hours, type = excluded.type;
insert into public.course(course_id, course_na, credit_hours, type, major_id, plan_id, semester_order) values ('2110121', 'الاحصاء والاحتمالات لطلبة تكنولوجيا المعلومات', 3, 'faculty', 'AI', 'AI_V2', null) on conflict (course_id) do update set course_na = excluded.course_na, credit_hours = excluded.credit_hours, type = excluded.type;
insert into public.course(course_id, course_na, credit_hours, type, major_id, plan_id, semester_order) values ('2110122', 'تفاضل وتكامل )1(', 3, 'university', 'AI', 'AI_V2', null) on conflict (course_id) do update set course_na = excluded.course_na, credit_hours = excluded.credit_hours, type = excluded.type;
insert into public.course(course_id, course_na, credit_hours, type, major_id, plan_id, semester_order) values ('2110201', 'التحليل العددي', 3, 'faculty', 'AI', 'AI_V2', null) on conflict (course_id) do update set course_na = excluded.course_na, credit_hours = excluded.credit_hours, type = excluded.type;
insert into public.course(course_id, course_na, credit_hours, type, major_id, plan_id, semester_order) values ('2321101', 'مقدمة في البرمجة', 3, 'faculty', 'AI', 'AI_V2', null) on conflict (course_id) do update set course_na = excluded.course_na, credit_hours = excluded.credit_hours, type = excluded.type;
insert into public.course(course_id, course_na, credit_hours, type, major_id, plan_id, semester_order) values ('2321102', 'اساسيات تكنولوجيا المعلومات', 3, 'faculty', 'AI', 'AI_V2', null) on conflict (course_id) do update set course_na = excluded.course_na, credit_hours = excluded.credit_hours, type = excluded.type;
insert into public.course(course_id, course_na, credit_hours, type, major_id, plan_id, semester_order) values ('2321207', 'تراكيب البيانات', 3, 'faculty', 'AI', 'AI_V2', null) on conflict (course_id) do update set course_na = excluded.course_na, credit_hours = excluded.credit_hours, type = excluded.type;
insert into public.course(course_id, course_na, credit_hours, type, major_id, plan_id, semester_order) values ('2321304', 'البحث العلمي والكتابة الفنية', 3, 'faculty', 'AI', 'AI_V2', null) on conflict (course_id) do update set course_na = excluded.course_na, credit_hours = excluded.credit_hours, type = excluded.type;
insert into public.course(course_id, course_na, credit_hours, type, major_id, plan_id, semester_order) values ('2312101', 'اساسيات علم البيانات', 3, 'faculty', 'AI', 'AI_V2', null) on conflict (course_id) do update set course_na = excluded.course_na, credit_hours = excluded.credit_hours, type = excluded.type;
insert into public.course(course_id, course_na, credit_hours, type, major_id, plan_id, semester_order) values ('2312201', 'اساسيات الذكاء الاصطناعي', 3, 'faculty', 'AI', 'AI_V2', null) on conflict (course_id) do update set course_na = excluded.course_na, credit_hours = excluded.credit_hours, type = excluded.type;
insert into public.course(course_id, course_na, credit_hours, type, major_id, plan_id, semester_order) values ('2312203', 'الذكاء الاصطناعي المتقدم', 3, 'faculty', 'AI', 'AI_V2', null) on conflict (course_id) do update set course_na = excluded.course_na, credit_hours = excluded.credit_hours, type = excluded.type;
insert into public.course(course_id, course_na, credit_hours, type, major_id, plan_id, semester_order) values ('2312301', 'التنقيب في البيانات واسترجاعها', 3, 'faculty', 'AI', 'AI_V2', null) on conflict (course_id) do update set course_na = excluded.course_na, credit_hours = excluded.credit_hours, type = excluded.type;
insert into public.course(course_id, course_na, credit_hours, type, major_id, plan_id, semester_order) values ('2312303', 'الانظمة الخبيرة', 3, 'faculty', 'AI', 'AI_V2', null) on conflict (course_id) do update set course_na = excluded.course_na, credit_hours = excluded.credit_hours, type = excluded.type;
insert into public.course(course_id, course_na, credit_hours, type, major_id, plan_id, semester_order) values ('2312304', 'علم الادراك', 3, 'faculty', 'AI', 'AI_V2', null) on conflict (course_id) do update set course_na = excluded.course_na, credit_hours = excluded.credit_hours, type = excluded.type;
insert into public.course(course_id, course_na, credit_hours, type, major_id, plan_id, semester_order) values ('2312305', 'برمجة الذكاء الاصطناعي', 3, 'faculty', 'AI', 'AI_V2', null) on conflict (course_id) do update set course_na = excluded.course_na, credit_hours = excluded.credit_hours, type = excluded.type;
insert into public.course(course_id, course_na, credit_hours, type, major_id, plan_id, semester_order) values ('2312402', 'الشبكات العصبونية', 3, 'faculty', 'AI', 'AI_V2', null) on conflict (course_id) do update set course_na = excluded.course_na, credit_hours = excluded.credit_hours, type = excluded.type;
insert into public.course(course_id, course_na, credit_hours, type, major_id, plan_id, semester_order) values ('2312403', 'انظمة التوصية', 3, 'faculty', 'AI', 'AI_V2', null) on conflict (course_id) do update set course_na = excluded.course_na, credit_hours = excluded.credit_hours, type = excluded.type;
insert into public.course(course_id, course_na, credit_hours, type, major_id, plan_id, semester_order) values ('2312404', 'تعلم الاله', 3, 'faculty', 'AI', 'AI_V2', null) on conflict (course_id) do update set course_na = excluded.course_na, credit_hours = excluded.credit_hours, type = excluded.type;
insert into public.course(course_id, course_na, credit_hours, type, major_id, plan_id, semester_order) values ('2312407', 'معالجة اللغات الطبيعية', 3, 'faculty', 'AI', 'AI_V2', null) on conflict (course_id) do update set course_na = excluded.course_na, credit_hours = excluded.credit_hours, type = excluded.type;
insert into public.course(course_id, course_na, credit_hours, type, major_id, plan_id, semester_order) values ('2312408', 'التعرف على الانماط', 3, 'faculty', 'AI', 'AI_V2', null) on conflict (course_id) do update set course_na = excluded.course_na, credit_hours = excluded.credit_hours, type = excluded.type;
insert into public.course(course_id, course_na, credit_hours, type, major_id, plan_id, semester_order) values ('2312411', 'تدريب عملي ميداني في الذكاء الاصطناعي', 3, 'faculty', 'AI', 'AI_V2', null) on conflict (course_id) do update set course_na = excluded.course_na, credit_hours = excluded.credit_hours, type = excluded.type;
insert into public.course(course_id, course_na, credit_hours, type, major_id, plan_id, semester_order) values ('2312412', 'مشروع تخرج في الذكاء الاصطناعي', 3, 'faculty', 'AI', 'AI_V2', null) on conflict (course_id) do update set course_na = excluded.course_na, credit_hours = excluded.credit_hours, type = excluded.type;
insert into public.course(course_id, course_na, credit_hours, type, major_id, plan_id, semester_order) values ('2321103', 'تصميم المنطق الرقمي', 3, 'faculty', 'AI', 'AI_V2', null) on conflict (course_id) do update set course_na = excluded.course_na, credit_hours = excluded.credit_hours, type = excluded.type;
insert into public.course(course_id, course_na, credit_hours, type, major_id, plan_id, semester_order) values ('2321201', 'البرمجة الكينونية', 3, 'university', 'AI', 'AI_V2', null) on conflict (course_id) do update set course_na = excluded.course_na, credit_hours = excluded.credit_hours, type = excluded.type;
insert into public.course(course_id, course_na, credit_hours, type, major_id, plan_id, semester_order) values ('2321202', 'البرمجة المرئية', 3, 'faculty', 'AI', 'AI_V2', null) on conflict (course_id) do update set course_na = excluded.course_na, credit_hours = excluded.credit_hours, type = excluded.type;
insert into public.course(course_id, course_na, credit_hours, type, major_id, plan_id, semester_order) values ('2321203', 'الرياضيات المتقطعة', 3, 'faculty', 'AI', 'AI_V2', null) on conflict (course_id) do update set course_na = excluded.course_na, credit_hours = excluded.credit_hours, type = excluded.type;
insert into public.course(course_id, course_na, credit_hours, type, major_id, plan_id, semester_order) values ('2321205', 'برمجة تطبيقات الانترنت', 3, 'faculty', 'AI', 'AI_V2', null) on conflict (course_id) do update set course_na = excluded.course_na, credit_hours = excluded.credit_hours, type = excluded.type;
insert into public.course(course_id, course_na, credit_hours, type, major_id, plan_id, semester_order) values ('2321206', 'تنظيم وتصميم الحاسوب', 3, 'faculty', 'AI', 'AI_V2', null) on conflict (course_id) do update set course_na = excluded.course_na, credit_hours = excluded.credit_hours, type = excluded.type;
insert into public.course(course_id, course_na, credit_hours, type, major_id, plan_id, semester_order) values ('2321301', 'تصميم وتحليل الخوارزميات', 3, 'faculty', 'AI', 'AI_V2', null) on conflict (course_id) do update set course_na = excluded.course_na, credit_hours = excluded.credit_hours, type = excluded.type;
insert into public.course(course_id, course_na, credit_hours, type, major_id, plan_id, semester_order) values ('2321302', 'شبكات الحاسوب', 3, 'faculty', 'AI', 'AI_V2', null) on conflict (course_id) do update set course_na = excluded.course_na, credit_hours = excluded.credit_hours, type = excluded.type;
insert into public.course(course_id, course_na, credit_hours, type, major_id, plan_id, semester_order) values ('2321303', 'نظم التشغيل', 3, 'faculty', 'AI', 'AI_V2', null) on conflict (course_id) do update set course_na = excluded.course_na, credit_hours = excluded.credit_hours, type = excluded.type;
insert into public.course(course_id, course_na, credit_hours, type, major_id, plan_id, semester_order) values ('2321305', 'قواعد البيانات', 3, 'faculty', 'AI', 'AI_V2', null) on conflict (course_id) do update set course_na = excluded.course_na, credit_hours = excluded.credit_hours, type = excluded.type;
insert into public.course(course_id, course_na, credit_hours, type, major_id, plan_id, semester_order) values ('2312202', 'تحليل البيانات', 3, 'faculty', 'AI', 'AI_V2', null) on conflict (course_id) do update set course_na = excluded.course_na, credit_hours = excluded.credit_hours, type = excluded.type;
insert into public.course(course_id, course_na, credit_hours, type, major_id, plan_id, semester_order) values ('2312204', 'الواقع الافتراضي', 3, 'faculty', 'AI', 'AI_V2', null) on conflict (course_id) do update set course_na = excluded.course_na, credit_hours = excluded.credit_hours, type = excluded.type;
insert into public.course(course_id, course_na, credit_hours, type, major_id, plan_id, semester_order) values ('2312205', 'مبادئ وأخلاقيات الذكاء الاصطناعي', 3, 'faculty', 'AI', 'AI_V2', null) on conflict (course_id) do update set course_na = excluded.course_na, credit_hours = excluded.credit_hours, type = excluded.type;
insert into public.course(course_id, course_na, credit_hours, type, major_id, plan_id, semester_order) values ('2312302', 'انترنت الاشياء', 3, 'faculty', 'AI', 'AI_V2', null) on conflict (course_id) do update set course_na = excluded.course_na, credit_hours = excluded.credit_hours, type = excluded.type;
insert into public.course(course_id, course_na, credit_hours, type, major_id, plan_id, semester_order) values ('2312306', 'موضوعات خاصة في الذكاء الاصطناعي )1(', 3, 'faculty', 'AI', 'AI_V2', null) on conflict (course_id) do update set course_na = excluded.course_na, credit_hours = excluded.credit_hours, type = excluded.type;
insert into public.course(course_id, course_na, credit_hours, type, major_id, plan_id, semester_order) values ('2312307', 'تطبيقات الذكاء الاصطناعي في أمن المعلومات', 3, 'faculty', 'AI', 'AI_V2', null) on conflict (course_id) do update set course_na = excluded.course_na, credit_hours = excluded.credit_hours, type = excluded.type;
insert into public.course(course_id, course_na, credit_hours, type, major_id, plan_id, semester_order) values ('2312401', 'الروبوتات', 3, 'faculty', 'AI', 'AI_V2', null) on conflict (course_id) do update set course_na = excluded.course_na, credit_hours = excluded.credit_hours, type = excluded.type;
insert into public.course(course_id, course_na, credit_hours, type, major_id, plan_id, semester_order) values ('2312406', 'موضوعات خاصة في الذكاء الاصطناعي )2(', 3, 'faculty', 'AI', 'AI_V2', null) on conflict (course_id) do update set course_na = excluded.course_na, credit_hours = excluded.credit_hours, type = excluded.type;
insert into public.course(course_id, course_na, credit_hours, type, major_id, plan_id, semester_order) values ('2312409', 'التعلم العميق', 3, 'faculty', 'AI', 'AI_V2', null) on conflict (course_id) do update set course_na = excluded.course_na, credit_hours = excluded.credit_hours, type = excluded.type;
insert into public.course(course_id, course_na, credit_hours, type, major_id, plan_id, semester_order) values ('2312410', 'البيانات الكبيرة', 3, 'faculty', 'AI', 'AI_V2', null) on conflict (course_id) do update set course_na = excluded.course_na, credit_hours = excluded.credit_hours, type = excluded.type;
insert into public.course(course_id, course_na, credit_hours, type, major_id, plan_id, semester_order) values ('2110101', 'عربي استدراكي', 3, 'faculty', 'AI', 'AI_V2', null) on conflict (course_id) do update set course_na = excluded.course_na, credit_hours = excluded.credit_hours, type = excluded.type;
insert into public.course(course_id, course_na, credit_hours, type, major_id, plan_id, semester_order) values ('2110102', 'إنجليزي استدراكي', 3, 'faculty', 'AI', 'AI_V2', null) on conflict (course_id) do update set course_na = excluded.course_na, credit_hours = excluded.credit_hours, type = excluded.type;
insert into public.course(course_id, course_na, credit_hours, type, major_id, plan_id, semester_order) values ('2110103', 'حاسوب استدراكي', 3, 'faculty', 'AI', 'AI_V2', null) on conflict (course_id) do update set course_na = excluded.course_na, credit_hours = excluded.credit_hours, type = excluded.type;
insert into public.course(course_id, course_na, credit_hours, type, major_id, plan_id, semester_order) values ('2321215', 'البحث العلمي والكتابة الفنية', 3, 'faculty', 'AI', 'AI_V3', null) on conflict (course_id) do update set course_na = excluded.course_na, credit_hours = excluded.credit_hours, type = excluded.type;
insert into public.course(course_id, course_na, credit_hours, type, major_id, plan_id, semester_order) values ('2312207', 'هندسة وتحليل البيانات', 3, 'faculty', 'AI', 'AI_V3', null) on conflict (course_id) do update set course_na = excluded.course_na, credit_hours = excluded.credit_hours, type = excluded.type;
insert into public.course(course_id, course_na, credit_hours, type, major_id, plan_id, semester_order) values ('2312308', 'الحوسبة السحابية والانظمة الموزعة', 3, 'faculty', 'AI', 'AI_V3', null) on conflict (course_id) do update set course_na = excluded.course_na, credit_hours = excluded.credit_hours, type = excluded.type;
insert into public.course(course_id, course_na, credit_hours, type, major_id, plan_id, semester_order) values ('2312415', 'مشروع تخرج في الذكاء الاصطناعي )1(', 1, 'faculty', 'AI', 'AI_V3', null) on conflict (course_id) do update set course_na = excluded.course_na, credit_hours = excluded.credit_hours, type = excluded.type;
insert into public.course(course_id, course_na, credit_hours, type, major_id, plan_id, semester_order) values ('2312416', 'مشروع تخرج في الذكاء الاصطناعي)2(', 2, 'faculty', 'AI', 'AI_V3', null) on conflict (course_id) do update set course_na = excluded.course_na, credit_hours = excluded.credit_hours, type = excluded.type;
insert into public.course(course_id, course_na, credit_hours, type, major_id, plan_id, semester_order) values ('2321104', 'البرمجة الكينونية', 3, 'university', 'AI', 'AI_V3', null) on conflict (course_id) do update set course_na = excluded.course_na, credit_hours = excluded.credit_hours, type = excluded.type;
insert into public.course(course_id, course_na, credit_hours, type, major_id, plan_id, semester_order) values ('2321210', 'تصميم المنطق الرقمي', 3, 'faculty', 'AI', 'AI_V3', null) on conflict (course_id) do update set course_na = excluded.course_na, credit_hours = excluded.credit_hours, type = excluded.type;
insert into public.course(course_id, course_na, credit_hours, type, major_id, plan_id, semester_order) values ('2321212', 'قواعد البيانات', 3, 'faculty', 'AI', 'AI_V3', null) on conflict (course_id) do update set course_na = excluded.course_na, credit_hours = excluded.credit_hours, type = excluded.type;
insert into public.course(course_id, course_na, credit_hours, type, major_id, plan_id, semester_order) values ('2321213', 'تنظيم وتصميم الحاسوب', 3, 'faculty', 'AI', 'AI_V3', null) on conflict (course_id) do update set course_na = excluded.course_na, credit_hours = excluded.credit_hours, type = excluded.type;
insert into public.course(course_id, course_na, credit_hours, type, major_id, plan_id, semester_order) values ('2321312', 'برمجة تطبيقات الانترنت', 3, 'faculty', 'AI', 'AI_V3', null) on conflict (course_id) do update set course_na = excluded.course_na, credit_hours = excluded.credit_hours, type = excluded.type;
insert into public.course(course_id, course_na, credit_hours, type, major_id, plan_id, semester_order) values ('2312206', 'استعراض البيانات', 3, 'faculty', 'AI', 'AI_V3', null) on conflict (course_id) do update set course_na = excluded.course_na, credit_hours = excluded.credit_hours, type = excluded.type;
insert into public.course(course_id, course_na, credit_hours, type, major_id, plan_id, semester_order) values ('2110137', 'اللغة الانجليزية المتخصصة لطلبة تكنولوجيا المعلومات', 3, 'faculty', 'AI', 'AI_V4', null) on conflict (course_id) do update set course_na = excluded.course_na, credit_hours = excluded.credit_hours, type = excluded.type;
insert into public.course(course_id, course_na, credit_hours, type, major_id, plan_id, semester_order) values ('2110138', 'مقدمة في البرمجة', 3, 'faculty', 'AI', 'AI_V4', null) on conflict (course_id) do update set course_na = excluded.course_na, credit_hours = excluded.credit_hours, type = excluded.type;
insert into public.course(course_id, course_na, credit_hours, type, major_id, plan_id, semester_order) values ('2110139', 'اساسيات تكنولوجيا المعلومات', 3, 'faculty', 'AI', 'AI_V4', null) on conflict (course_id) do update set course_na = excluded.course_na, credit_hours = excluded.credit_hours, type = excluded.type;
insert into public.course(course_id, course_na, credit_hours, type, major_id, plan_id, semester_order) values ('2110140', 'البحث العلمي والكتابة الفنية', 3, 'faculty', 'AI', 'AI_V4', null) on conflict (course_id) do update set course_na = excluded.course_na, credit_hours = excluded.credit_hours, type = excluded.type;
insert into public.course(course_id, course_na, credit_hours, type, major_id, plan_id, semester_order) values ('2110141', 'الرياضيات المتقطعة', 3, 'faculty', 'AI', 'AI_V4', null) on conflict (course_id) do update set course_na = excluded.course_na, credit_hours = excluded.credit_hours, type = excluded.type;
insert into public.course(course_id, course_na, credit_hours, type, major_id, plan_id, semester_order) values ('2312102', 'اساسيات علم البيانات', 2, 'faculty', 'AI', 'AI_V4', null) on conflict (course_id) do update set course_na = excluded.course_na, credit_hours = excluded.credit_hours, type = excluded.type;
insert into public.course(course_id, course_na, credit_hours, type, major_id, plan_id, semester_order) values ('2312103', 'مختبر اساسيات علم البيانات', 1, 'faculty', 'AI', 'AI_V4', null) on conflict (course_id) do update set course_na = excluded.course_na, credit_hours = excluded.credit_hours, type = excluded.type;
insert into public.course(course_id, course_na, credit_hours, type, major_id, plan_id, semester_order) values ('2312211', 'الذكاء الاصطناعي المتقدم', 2, 'faculty', 'AI', 'AI_V4', null) on conflict (course_id) do update set course_na = excluded.course_na, credit_hours = excluded.credit_hours, type = excluded.type;
insert into public.course(course_id, course_na, credit_hours, type, major_id, plan_id, semester_order) values ('2312212', 'مختبر الذكاء الاصطناعي المتقدم', 1, 'faculty', 'AI', 'AI_V4', null) on conflict (course_id) do update set course_na = excluded.course_na, credit_hours = excluded.credit_hours, type = excluded.type;
insert into public.course(course_id, course_na, credit_hours, type, major_id, plan_id, semester_order) values ('2312310', 'تصميم وتحليل الخوارزميات', 3, 'faculty', 'AI', 'AI_V4', null) on conflict (course_id) do update set course_na = excluded.course_na, credit_hours = excluded.credit_hours, type = excluded.type;
insert into public.course(course_id, course_na, credit_hours, type, major_id, plan_id, semester_order) values ('2312311', 'قواعد البيانات', 2, 'faculty', 'AI', 'AI_V4', null) on conflict (course_id) do update set course_na = excluded.course_na, credit_hours = excluded.credit_hours, type = excluded.type;
insert into public.course(course_id, course_na, credit_hours, type, major_id, plan_id, semester_order) values ('2312312', 'مختبر قواعد البيانات', 1, 'faculty', 'AI', 'AI_V4', null) on conflict (course_id) do update set course_na = excluded.course_na, credit_hours = excluded.credit_hours, type = excluded.type;
insert into public.course(course_id, course_na, credit_hours, type, major_id, plan_id, semester_order) values ('2321106', 'البرمجة الكينونية', 2, 'faculty', 'AI', 'AI_V4', null) on conflict (course_id) do update set course_na = excluded.course_na, credit_hours = excluded.credit_hours, type = excluded.type;
insert into public.course(course_id, course_na, credit_hours, type, major_id, plan_id, semester_order) values ('2321107', 'مختبر البرمجة الكينونية', 1, 'faculty', 'AI', 'AI_V4', null) on conflict (course_id) do update set course_na = excluded.course_na, credit_hours = excluded.credit_hours, type = excluded.type;
insert into public.course(course_id, course_na, credit_hours, type, major_id, plan_id, semester_order) values ('2331307', 'أمن البيانات والمعلومات', 3, 'faculty', 'AI', 'AI_V4', null) on conflict (course_id) do update set course_na = excluded.course_na, credit_hours = excluded.credit_hours, type = excluded.type;
insert into public.course(course_id, course_na, credit_hours, type, major_id, plan_id, semester_order) values ('2331314', 'نظم التشغيل', 3, 'faculty', 'AI', 'AI_V4', null) on conflict (course_id) do update set course_na = excluded.course_na, credit_hours = excluded.credit_hours, type = excluded.type;
insert into public.course(course_id, course_na, credit_hours, type, major_id, plan_id, semester_order) values ('2110142', 'الجبر الخطي', 3, 'faculty', 'CYBER', 'CYBER_V1', null) on conflict (course_id) do update set course_na = excluded.course_na, credit_hours = excluded.credit_hours, type = excluded.type;
insert into public.course(course_id, course_na, credit_hours, type, major_id, plan_id, semester_order) values ('2321214', 'شبكات الحاسوب', 3, 'faculty', 'CYBER', 'CYBER_V1', null) on conflict (course_id) do update set course_na = excluded.course_na, credit_hours = excluded.credit_hours, type = excluded.type;
insert into public.course(course_id, course_na, credit_hours, type, major_id, plan_id, semester_order) values ('2331101', 'أساسيات الامن السيبراني', 3, 'faculty', 'CYBER', 'CYBER_V1', null) on conflict (course_id) do update set course_na = excluded.course_na, credit_hours = excluded.credit_hours, type = excluded.type;
insert into public.course(course_id, course_na, credit_hours, type, major_id, plan_id, semester_order) values ('2331204', 'قوانين واخلاقيات الفضاء الالكتروني', 3, 'faculty', 'CYBER', 'CYBER_V1', null) on conflict (course_id) do update set course_na = excluded.course_na, credit_hours = excluded.credit_hours, type = excluded.type;
insert into public.course(course_id, course_na, credit_hours, type, major_id, plan_id, semester_order) values ('2331205', 'مبادئ التشفير', 2, 'faculty', 'CYBER', 'CYBER_V1', null) on conflict (course_id) do update set course_na = excluded.course_na, credit_hours = excluded.credit_hours, type = excluded.type;
insert into public.course(course_id, course_na, credit_hours, type, major_id, plan_id, semester_order) values ('2331206', 'مختبر مبادئ التشفير', 1, 'faculty', 'CYBER', 'CYBER_V1', null) on conflict (course_id) do update set course_na = excluded.course_na, credit_hours = excluded.credit_hours, type = excluded.type;
insert into public.course(course_id, course_na, credit_hours, type, major_id, plan_id, semester_order) values ('2331207', 'تنظيم وتصميم الحاسوب', 3, 'faculty', 'CYBER', 'CYBER_V1', null) on conflict (course_id) do update set course_na = excluded.course_na, credit_hours = excluded.credit_hours, type = excluded.type;
insert into public.course(course_id, course_na, credit_hours, type, major_id, plan_id, semester_order) values ('2331301', 'التشفير المتقدم', 2, 'faculty', 'CYBER', 'CYBER_V1', null) on conflict (course_id) do update set course_na = excluded.course_na, credit_hours = excluded.credit_hours, type = excluded.type;
insert into public.course(course_id, course_na, credit_hours, type, major_id, plan_id, semester_order) values ('2331302', 'مختبر التشفير المتقدم', 1, 'faculty', 'CYBER', 'CYBER_V1', null) on conflict (course_id) do update set course_na = excluded.course_na, credit_hours = excluded.credit_hours, type = excluded.type;
insert into public.course(course_id, course_na, credit_hours, type, major_id, plan_id, semester_order) values ('2331303', 'برمجه الامن السيبراني', 2, 'faculty', 'CYBER', 'CYBER_V1', null) on conflict (course_id) do update set course_na = excluded.course_na, credit_hours = excluded.credit_hours, type = excluded.type;
insert into public.course(course_id, course_na, credit_hours, type, major_id, plan_id, semester_order) values ('2331304', 'مختبر برمجه الامن السيبراني', 1, 'faculty', 'CYBER', 'CYBER_V1', null) on conflict (course_id) do update set course_na = excluded.course_na, credit_hours = excluded.credit_hours, type = excluded.type;
insert into public.course(course_id, course_na, credit_hours, type, major_id, plan_id, semester_order) values ('2331308', 'أمن الشبكات والاتصالات والحوسبة المتنقلة', 3, 'faculty', 'CYBER', 'CYBER_V1', null) on conflict (course_id) do update set course_na = excluded.course_na, credit_hours = excluded.credit_hours, type = excluded.type;
insert into public.course(course_id, course_na, credit_hours, type, major_id, plan_id, semester_order) values ('2331312', 'برمجه الامن السيبراني المتقدم', 2, 'faculty', 'CYBER', 'CYBER_V1', null) on conflict (course_id) do update set course_na = excluded.course_na, credit_hours = excluded.credit_hours, type = excluded.type;
insert into public.course(course_id, course_na, credit_hours, type, major_id, plan_id, semester_order) values ('2331313', 'مختبر برمجه الامن السيبراني المتقدم', 1, 'faculty', 'CYBER', 'CYBER_V1', null) on conflict (course_id) do update set course_na = excluded.course_na, credit_hours = excluded.credit_hours, type = excluded.type;
insert into public.course(course_id, course_na, credit_hours, type, major_id, plan_id, semester_order) values ('2331401', 'تحليل المخاطر واختبار الأنظمة', 3, 'faculty', 'CYBER', 'CYBER_V1', null) on conflict (course_id) do update set course_na = excluded.course_na, credit_hours = excluded.credit_hours, type = excluded.type;
insert into public.course(course_id, course_na, credit_hours, type, major_id, plan_id, semester_order) values ('2331402', 'مشروع تخرج في الامن السيبراني )1(', 1, 'faculty', 'CYBER', 'CYBER_V1', null) on conflict (course_id) do update set course_na = excluded.course_na, credit_hours = excluded.credit_hours, type = excluded.type;
insert into public.course(course_id, course_na, credit_hours, type, major_id, plan_id, semester_order) values ('2331403', 'القرصنة الأخلاقية واختبار الاختراق', 3, 'faculty', 'CYBER', 'CYBER_V1', null) on conflict (course_id) do update set course_na = excluded.course_na, credit_hours = excluded.credit_hours, type = excluded.type;
insert into public.course(course_id, course_na, credit_hours, type, major_id, plan_id, semester_order) values ('2331404', 'أمن البنية التحتية باستخدام لينكس', 3, 'faculty', 'CYBER', 'CYBER_V1', null) on conflict (course_id) do update set course_na = excluded.course_na, credit_hours = excluded.credit_hours, type = excluded.type;
insert into public.course(course_id, course_na, credit_hours, type, major_id, plan_id, semester_order) values ('2331405', 'الجرائم الالكترونية والتحقيق الجنائي الرقمي', 3, 'faculty', 'CYBER', 'CYBER_V1', null) on conflict (course_id) do update set course_na = excluded.course_na, credit_hours = excluded.credit_hours, type = excluded.type;
insert into public.course(course_id, course_na, credit_hours, type, major_id, plan_id, semester_order) values ('2331406', 'مشروع تخرج في الامن السيبراني )2(', 2, 'faculty', 'CYBER', 'CYBER_V1', null) on conflict (course_id) do update set course_na = excluded.course_na, credit_hours = excluded.credit_hours, type = excluded.type;
insert into public.course(course_id, course_na, credit_hours, type, major_id, plan_id, semester_order) values ('2331407', 'التدريب الميداني لطلبة الامن السيبراني', 3, 'faculty', 'CYBER', 'CYBER_V1', null) on conflict (course_id) do update set course_na = excluded.course_na, credit_hours = excluded.credit_hours, type = excluded.type;
insert into public.course(course_id, course_na, credit_hours, type, major_id, plan_id, semester_order) values ('2321311', 'الهندسة العكسية للبرمجيات', 3, 'faculty', 'CYBER', 'CYBER_V1', null) on conflict (course_id) do update set course_na = excluded.course_na, credit_hours = excluded.credit_hours, type = excluded.type;
insert into public.course(course_id, course_na, credit_hours, type, major_id, plan_id, semester_order) values ('2331203', 'تحليل وتصميم النظم الامنة', 3, 'faculty', 'CYBER', 'CYBER_V1', null) on conflict (course_id) do update set course_na = excluded.course_na, credit_hours = excluded.credit_hours, type = excluded.type;
insert into public.course(course_id, course_na, credit_hours, type, major_id, plan_id, semester_order) values ('2331309', 'سلامة البيانات والمصادقة', 3, 'faculty', 'CYBER', 'CYBER_V1', null) on conflict (course_id) do update set course_na = excluded.course_na, credit_hours = excluded.credit_hours, type = excluded.type;
insert into public.course(course_id, course_na, credit_hours, type, major_id, plan_id, semester_order) values ('2331310', 'سرية وخصوصية البيانات', 3, 'faculty', 'CYBER', 'CYBER_V1', null) on conflict (course_id) do update set course_na = excluded.course_na, credit_hours = excluded.credit_hours, type = excluded.type;
insert into public.course(course_id, course_na, credit_hours, type, major_id, plan_id, semester_order) values ('2331311', 'تطبيقات نظم التشغيل المفتوحة', 3, 'faculty', 'CYBER', 'CYBER_V1', null) on conflict (course_id) do update set course_na = excluded.course_na, credit_hours = excluded.credit_hours, type = excluded.type;
insert into public.course(course_id, course_na, credit_hours, type, major_id, plan_id, semester_order) values ('2331408', 'موضوعات خاصة في الأمن السيبراني )1(', 3, 'faculty', 'CYBER', 'CYBER_V1', null) on conflict (course_id) do update set course_na = excluded.course_na, credit_hours = excluded.credit_hours, type = excluded.type;
insert into public.course(course_id, course_na, credit_hours, type, major_id, plan_id, semester_order) values ('2331409', 'موضوعات خاصة في الأمن السيبراني )2(', 3, 'faculty', 'CYBER', 'CYBER_V1', null) on conflict (course_id) do update set course_na = excluded.course_na, credit_hours = excluded.credit_hours, type = excluded.type;
insert into public.course(course_id, course_na, credit_hours, type, major_id, plan_id, semester_order) values ('120112', 'العلوم العسكرية', 3, 'university', 'SE', 'SE_V1', null) on conflict (course_id) do update set course_na = excluded.course_na, credit_hours = excluded.credit_hours, type = excluded.type;
insert into public.course(course_id, course_na, credit_hours, type, major_id, plan_id, semester_order) values ('120152', 'التفاضل والتكامل )2(', 3, 'university', 'SE', 'SE_V1', null) on conflict (course_id) do update set course_na = excluded.course_na, credit_hours = excluded.credit_hours, type = excluded.type;
insert into public.course(course_id, course_na, credit_hours, type, major_id, plan_id, semester_order) values ('311211', 'تراكيب البيانات', 3, 'university', 'SE', 'SE_V1', null) on conflict (course_id) do update set course_na = excluded.course_na, credit_hours = excluded.credit_hours, type = excluded.type;
insert into public.course(course_id, course_na, credit_hours, type, major_id, plan_id, semester_order) values ('312220', 'البحث العلمي وكتابة التقارير', 3, 'faculty', 'SE', 'SE_V1', null) on conflict (course_id) do update set course_na = excluded.course_na, credit_hours = excluded.credit_hours, type = excluded.type;
insert into public.course(course_id, course_na, credit_hours, type, major_id, plan_id, semester_order) values ('120253', 'الرياضيات المتقطعة', 3, 'faculty', 'SE', 'SE_V1', null) on conflict (course_id) do update set course_na = excluded.course_na, credit_hours = excluded.credit_hours, type = excluded.type;
insert into public.course(course_id, course_na, credit_hours, type, major_id, plan_id, semester_order) values ('311213', 'تراكيب البيانات )2(', 3, 'faculty', 'SE', 'SE_V1', null) on conflict (course_id) do update set course_na = excluded.course_na, credit_hours = excluded.credit_hours, type = excluded.type;
insert into public.course(course_id, course_na, credit_hours, type, major_id, plan_id, semester_order) values ('311215', 'تراسل البيانات والشبكات', 3, 'faculty', 'SE', 'SE_V1', null) on conflict (course_id) do update set course_na = excluded.course_na, credit_hours = excluded.credit_hours, type = excluded.type;
insert into public.course(course_id, course_na, credit_hours, type, major_id, plan_id, semester_order) values ('311251', 'البرمجة المرئية', 3, 'faculty', 'SE', 'SE_V1', null) on conflict (course_id) do update set course_na = excluded.course_na, credit_hours = excluded.credit_hours, type = excluded.type;
insert into public.course(course_id, course_na, credit_hours, type, major_id, plan_id, semester_order) values ('311252', 'برمجة تطبيقات الانترنت', 3, 'faculty', 'SE', 'SE_V1', null) on conflict (course_id) do update set course_na = excluded.course_na, credit_hours = excluded.credit_hours, type = excluded.type;
insert into public.course(course_id, course_na, credit_hours, type, major_id, plan_id, semester_order) values ('311253', 'البرمجة الكينونية', 3, 'faculty', 'SE', 'SE_V1', null) on conflict (course_id) do update set course_na = excluded.course_na, credit_hours = excluded.credit_hours, type = excluded.type;
insert into public.course(course_id, course_na, credit_hours, type, major_id, plan_id, semester_order) values ('311261', 'تنظيم وتصميم الحاسوب', 3, 'university', 'SE', 'SE_V1', null) on conflict (course_id) do update set course_na = excluded.course_na, credit_hours = excluded.credit_hours, type = excluded.type;
insert into public.course(course_id, course_na, credit_hours, type, major_id, plan_id, semester_order) values ('311271', 'قواعد البيانات', 3, 'university', 'SE', 'SE_V1', null) on conflict (course_id) do update set course_na = excluded.course_na, credit_hours = excluded.credit_hours, type = excluded.type;
insert into public.course(course_id, course_na, credit_hours, type, major_id, plan_id, semester_order) values ('311311', 'تصميم وتحليل الخوارزميات', 3, 'faculty', 'SE', 'SE_V1', null) on conflict (course_id) do update set course_na = excluded.course_na, credit_hours = excluded.credit_hours, type = excluded.type;
insert into public.course(course_id, course_na, credit_hours, type, major_id, plan_id, semester_order) values ('311331', 'نظم التشغيل', 3, 'faculty', 'SE', 'SE_V1', null) on conflict (course_id) do update set course_na = excluded.course_na, credit_hours = excluded.credit_hours, type = excluded.type;
insert into public.course(course_id, course_na, credit_hours, type, major_id, plan_id, semester_order) values ('311371', 'قواعد البيانات )2(', 3, 'faculty', 'SE', 'SE_V1', null) on conflict (course_id) do update set course_na = excluded.course_na, credit_hours = excluded.credit_hours, type = excluded.type;
insert into public.course(course_id, course_na, credit_hours, type, major_id, plan_id, semester_order) values ('312221', 'تحليل الانظمة وتصميمها', 3, 'faculty', 'SE', 'SE_V1', null) on conflict (course_id) do update set course_na = excluded.course_na, credit_hours = excluded.credit_hours, type = excluded.type;
insert into public.course(course_id, course_na, credit_hours, type, major_id, plan_id, semester_order) values ('312321', 'هندسة البرمجيات', 3, 'faculty', 'SE', 'SE_V1', null) on conflict (course_id) do update set course_na = excluded.course_na, credit_hours = excluded.credit_hours, type = excluded.type;
insert into public.course(course_id, course_na, credit_hours, type, major_id, plan_id, semester_order) values ('312332', 'البرمجة بالمكونات', 3, 'faculty', 'SE', 'SE_V1', null) on conflict (course_id) do update set course_na = excluded.course_na, credit_hours = excluded.credit_hours, type = excluded.type;
insert into public.course(course_id, course_na, credit_hours, type, major_id, plan_id, semester_order) values ('312341', 'تفاعل الانسان مع الحاسوب', 3, 'faculty', 'SE', 'SE_V1', null) on conflict (course_id) do update set course_na = excluded.course_na, credit_hours = excluded.credit_hours, type = excluded.type;
insert into public.course(course_id, course_na, credit_hours, type, major_id, plan_id, semester_order) values ('312342', 'تصميم البرمجيات', 3, 'faculty', 'SE', 'SE_V1', null) on conflict (course_id) do update set course_na = excluded.course_na, credit_hours = excluded.credit_hours, type = excluded.type;
insert into public.course(course_id, course_na, credit_hours, type, major_id, plan_id, semester_order) values ('312431', 'اختبار البرمجيات', 3, 'faculty', 'SE', 'SE_V1', null) on conflict (course_id) do update set course_na = excluded.course_na, credit_hours = excluded.credit_hours, type = excluded.type;
insert into public.course(course_id, course_na, credit_hours, type, major_id, plan_id, semester_order) values ('312432', 'توثيق البرمجيات', 3, 'faculty', 'SE', 'SE_V1', null) on conflict (course_id) do update set course_na = excluded.course_na, credit_hours = excluded.credit_hours, type = excluded.type;
insert into public.course(course_id, course_na, credit_hours, type, major_id, plan_id, semester_order) values ('312441', 'ادارة المشاريع', 3, 'faculty', 'SE', 'SE_V1', null) on conflict (course_id) do update set course_na = excluded.course_na, credit_hours = excluded.credit_hours, type = excluded.type;
insert into public.course(course_id, course_na, credit_hours, type, major_id, plan_id, semester_order) values ('312490', 'تدريب عملي ميداني في هندسة البرمجيات', 3, 'faculty', 'SE', 'SE_V1', null) on conflict (course_id) do update set course_na = excluded.course_na, credit_hours = excluded.credit_hours, type = excluded.type;
insert into public.course(course_id, course_na, credit_hours, type, major_id, plan_id, semester_order) values ('312499', 'مشروع تخرج في هندسة البرمجيات', 3, 'faculty', 'SE', 'SE_V1', null) on conflict (course_id) do update set course_na = excluded.course_na, credit_hours = excluded.credit_hours, type = excluded.type;
insert into public.course(course_id, course_na, credit_hours, type, major_id, plan_id, semester_order) values ('311214', 'أخلاقيات تكنولوجيا المعلومات', 3, 'faculty', 'SE', 'SE_V1', null) on conflict (course_id) do update set course_na = excluded.course_na, credit_hours = excluded.credit_hours, type = excluded.type;
insert into public.course(course_id, course_na, credit_hours, type, major_id, plan_id, semester_order) values ('311241', 'امن المعلومات والبيانات', 3, 'faculty', 'SE', 'SE_V1', null) on conflict (course_id) do update set course_na = excluded.course_na, credit_hours = excluded.credit_hours, type = excluded.type;
insert into public.course(course_id, course_na, credit_hours, type, major_id, plan_id, semester_order) values ('311323', 'برمجة الوسائط المتعددة', 3, 'faculty', 'SE', 'SE_V1', null) on conflict (course_id) do update set course_na = excluded.course_na, credit_hours = excluded.credit_hours, type = excluded.type;
insert into public.course(course_id, course_na, credit_hours, type, major_id, plan_id, semester_order) values ('311352', 'التجارة الالكترونية', 3, 'faculty', 'SE', 'SE_V1', null) on conflict (course_id) do update set course_na = excluded.course_na, credit_hours = excluded.credit_hours, type = excluded.type;
insert into public.course(course_id, course_na, credit_hours, type, major_id, plan_id, semester_order) values ('311373', 'استخراج البيانات', 3, 'faculty', 'SE', 'SE_V1', null) on conflict (course_id) do update set course_na = excluded.course_na, credit_hours = excluded.credit_hours, type = excluded.type;
insert into public.course(course_id, course_na, credit_hours, type, major_id, plan_id, semester_order) values ('312331', 'تطوير وصيانة البرامج', 3, 'faculty', 'SE', 'SE_V1', null) on conflict (course_id) do update set course_na = excluded.course_na, credit_hours = excluded.credit_hours, type = excluded.type;
insert into public.course(course_id, course_na, credit_hours, type, major_id, plan_id, semester_order) values ('312343', 'ادارة جودة البرمجيات', 3, 'faculty', 'SE', 'SE_V1', null) on conflict (course_id) do update set course_na = excluded.course_na, credit_hours = excluded.credit_hours, type = excluded.type;
insert into public.course(course_id, course_na, credit_hours, type, major_id, plan_id, semester_order) values ('312421', 'اقتصاديات البرمجيات', 3, 'faculty', 'SE', 'SE_V1', null) on conflict (course_id) do update set course_na = excluded.course_na, credit_hours = excluded.credit_hours, type = excluded.type;
insert into public.course(course_id, course_na, credit_hours, type, major_id, plan_id, semester_order) values ('312442', 'نمذجة وتحليل البرمجيات', 3, 'faculty', 'SE', 'SE_V1', null) on conflict (course_id) do update set course_na = excluded.course_na, credit_hours = excluded.credit_hours, type = excluded.type;
insert into public.course(course_id, course_na, credit_hours, type, major_id, plan_id, semester_order) values ('312491', 'موضوعات خاصة في هندسة البرمجيات', 3, 'faculty', 'SE', 'SE_V1', null) on conflict (course_id) do update set course_na = excluded.course_na, credit_hours = excluded.credit_hours, type = excluded.type;
insert into public.course(course_id, course_na, credit_hours, type, major_id, plan_id, semester_order) values ('413230', 'مقدمة الى نظم المعلومات الادارية', 3, 'faculty', 'SE', 'SE_V1', null) on conflict (course_id) do update set course_na = excluded.course_na, credit_hours = excluded.credit_hours, type = excluded.type;
insert into public.course(course_id, course_na, credit_hours, type, major_id, plan_id, semester_order) values ('311318', 'شبكات الحاسوب', 3, 'faculty', 'SE', 'SE_V2', null) on conflict (course_id) do update set course_na = excluded.course_na, credit_hours = excluded.credit_hours, type = excluded.type;
insert into public.course(course_id, course_na, credit_hours, type, major_id, plan_id, semester_order) values ('311161', 'تصميم المنطق الرقمي', 3, 'university', 'SE', 'SE_V2', null) on conflict (course_id) do update set course_na = excluded.course_na, credit_hours = excluded.credit_hours, type = excluded.type;
insert into public.course(course_id, course_na, credit_hours, type, major_id, plan_id, semester_order) values ('311210', 'الرياضيات المتقطعة', 3, 'faculty', 'SE', 'SE_V2', null) on conflict (course_id) do update set course_na = excluded.course_na, credit_hours = excluded.credit_hours, type = excluded.type;
insert into public.course(course_id, course_na, credit_hours, type, major_id, plan_id, semester_order) values ('311388', 'قواعد البيانات المتقدمة', 3, 'faculty', 'SE', 'SE_V2', null) on conflict (course_id) do update set course_na = excluded.course_na, credit_hours = excluded.credit_hours, type = excluded.type;
insert into public.course(course_id, course_na, credit_hours, type, major_id, plan_id, semester_order) values ('312350', 'هندسة متطلبات البرمجيات', 3, 'faculty', 'SE', 'SE_V2', null) on conflict (course_id) do update set course_na = excluded.course_na, credit_hours = excluded.credit_hours, type = excluded.type;
insert into public.course(course_id, course_na, credit_hours, type, major_id, plan_id, semester_order) values ('312410', 'معمارية البرمجيات', 3, 'faculty', 'SE', 'SE_V2', null) on conflict (course_id) do update set course_na = excluded.course_na, credit_hours = excluded.credit_hours, type = excluded.type;
insert into public.course(course_id, course_na, credit_hours, type, major_id, plan_id, semester_order) values ('312420', 'امن البرمجيات', 3, 'faculty', 'SE', 'SE_V2', null) on conflict (course_id) do update set course_na = excluded.course_na, credit_hours = excluded.credit_hours, type = excluded.type;
insert into public.course(course_id, course_na, credit_hours, type, major_id, plan_id, semester_order) values ('312356', 'الهندسة العكسية للبرمجيات', 3, 'faculty', 'SE', 'SE_V2', null) on conflict (course_id) do update set course_na = excluded.course_na, credit_hours = excluded.credit_hours, type = excluded.type;
insert into public.course(course_id, course_na, credit_hours, type, major_id, plan_id, semester_order) values ('312360', 'تصميم واجهات المستخدم', 3, 'faculty', 'SE', 'SE_V2', null) on conflict (course_id) do update set course_na = excluded.course_na, credit_hours = excluded.credit_hours, type = excluded.type;
insert into public.course(course_id, course_na, credit_hours, type, major_id, plan_id, semester_order) values ('312425', 'ادوات هندسة البرمجيات', 3, 'faculty', 'SE', 'SE_V2', null) on conflict (course_id) do update set course_na = excluded.course_na, credit_hours = excluded.credit_hours, type = excluded.type;
insert into public.course(course_id, course_na, credit_hours, type, major_id, plan_id, semester_order) values ('312388', 'قواعد البيانات المتقدمة', 3, 'faculty', 'SE', 'SE_V3', null) on conflict (course_id) do update set course_na = excluded.course_na, credit_hours = excluded.credit_hours, type = excluded.type;
insert into public.course(course_id, course_na, credit_hours, type, major_id, plan_id, semester_order) values ('2321105', 'هندسة البرمجيات', 3, 'faculty', 'SE', 'SE_V5', null) on conflict (course_id) do update set course_na = excluded.course_na, credit_hours = excluded.credit_hours, type = excluded.type;
insert into public.course(course_id, course_na, credit_hours, type, major_id, plan_id, semester_order) values ('2321209', 'تحليل الانظمة وتصميمها', 3, 'faculty', 'SE', 'SE_V5', null) on conflict (course_id) do update set course_na = excluded.course_na, credit_hours = excluded.credit_hours, type = excluded.type;
insert into public.course(course_id, course_na, credit_hours, type, major_id, plan_id, semester_order) values ('2321211', 'هندسة متطلبات البرمجيات', 3, 'faculty', 'SE', 'SE_V5', null) on conflict (course_id) do update set course_na = excluded.course_na, credit_hours = excluded.credit_hours, type = excluded.type;
insert into public.course(course_id, course_na, credit_hours, type, major_id, plan_id, semester_order) values ('2321309', 'تفاعل الانسان مع الحاسوب', 3, 'faculty', 'SE', 'SE_V5', null) on conflict (course_id) do update set course_na = excluded.course_na, credit_hours = excluded.credit_hours, type = excluded.type;
insert into public.course(course_id, course_na, credit_hours, type, major_id, plan_id, semester_order) values ('2321310', 'قواعد البيانات المتقدمة', 3, 'faculty', 'SE', 'SE_V5', null) on conflict (course_id) do update set course_na = excluded.course_na, credit_hours = excluded.credit_hours, type = excluded.type;
insert into public.course(course_id, course_na, credit_hours, type, major_id, plan_id, semester_order) values ('2321313', 'تصميم البرمجيات', 3, 'faculty', 'SE', 'SE_V5', null) on conflict (course_id) do update set course_na = excluded.course_na, credit_hours = excluded.credit_hours, type = excluded.type;
insert into public.course(course_id, course_na, credit_hours, type, major_id, plan_id, semester_order) values ('2321314', 'معمارية البرمجيات', 3, 'faculty', 'SE', 'SE_V5', null) on conflict (course_id) do update set course_na = excluded.course_na, credit_hours = excluded.credit_hours, type = excluded.type;
insert into public.course(course_id, course_na, credit_hours, type, major_id, plan_id, semester_order) values ('2321315', 'اختبار البرمجيات', 3, 'faculty', 'SE', 'SE_V5', null) on conflict (course_id) do update set course_na = excluded.course_na, credit_hours = excluded.credit_hours, type = excluded.type;
insert into public.course(course_id, course_na, credit_hours, type, major_id, plan_id, semester_order) values ('2321405', 'ادوات هندسة البرمجيات', 3, 'faculty', 'SE', 'SE_V5', null) on conflict (course_id) do update set course_na = excluded.course_na, credit_hours = excluded.credit_hours, type = excluded.type;
insert into public.course(course_id, course_na, credit_hours, type, major_id, plan_id, semester_order) values ('2321406', 'ادارة المشاريع', 3, 'faculty', 'SE', 'SE_V5', null) on conflict (course_id) do update set course_na = excluded.course_na, credit_hours = excluded.credit_hours, type = excluded.type;
insert into public.course(course_id, course_na, credit_hours, type, major_id, plan_id, semester_order) values ('2321408', 'ادارة جودة البرمجيات', 3, 'faculty', 'SE', 'SE_V5', null) on conflict (course_id) do update set course_na = excluded.course_na, credit_hours = excluded.credit_hours, type = excluded.type;
insert into public.course(course_id, course_na, credit_hours, type, major_id, plan_id, semester_order) values ('2321411', 'تدريب عملي ميداني في هندسة البرمجيات', 3, 'faculty', 'SE', 'SE_V5', null) on conflict (course_id) do update set course_na = excluded.course_na, credit_hours = excluded.credit_hours, type = excluded.type;
insert into public.course(course_id, course_na, credit_hours, type, major_id, plan_id, semester_order) values ('2321420', 'مشروع تخرج )1( / هندسة البرمجيات', 1, 'faculty', 'SE', 'SE_V5', null) on conflict (course_id) do update set course_na = excluded.course_na, credit_hours = excluded.credit_hours, type = excluded.type;
insert into public.course(course_id, course_na, credit_hours, type, major_id, plan_id, semester_order) values ('2321421', 'مشروع تخرج )2( / هندسة البرمجيات', 2, 'faculty', 'SE', 'SE_V5', null) on conflict (course_id) do update set course_na = excluded.course_na, credit_hours = excluded.credit_hours, type = excluded.type;
insert into public.course(course_id, course_na, credit_hours, type, major_id, plan_id, semester_order) values ('2321204', 'اخلاقيات تكنولوجيا المعلومات', 3, 'faculty', 'SE', 'SE_V5', null) on conflict (course_id) do update set course_na = excluded.course_na, credit_hours = excluded.credit_hours, type = excluded.type;
insert into public.course(course_id, course_na, credit_hours, type, major_id, plan_id, semester_order) values ('2321208', 'لغة برمجة مختارة', 3, 'faculty', 'SE', 'SE_V5', null) on conflict (course_id) do update set course_na = excluded.course_na, credit_hours = excluded.credit_hours, type = excluded.type;
insert into public.course(course_id, course_na, credit_hours, type, major_id, plan_id, semester_order) values ('2321308', 'تصميم واجهات المستخدم', 3, 'faculty', 'SE', 'SE_V5', null) on conflict (course_id) do update set course_na = excluded.course_na, credit_hours = excluded.credit_hours, type = excluded.type;
insert into public.course(course_id, course_na, credit_hours, type, major_id, plan_id, semester_order) values ('2321404', 'امن البرمجيات', 3, 'faculty', 'SE', 'SE_V5', null) on conflict (course_id) do update set course_na = excluded.course_na, credit_hours = excluded.credit_hours, type = excluded.type;
insert into public.course(course_id, course_na, credit_hours, type, major_id, plan_id, semester_order) values ('2321407', 'موضوعات خاصة في هندسة البرمجيات )1(', 3, 'faculty', 'SE', 'SE_V5', null) on conflict (course_id) do update set course_na = excluded.course_na, credit_hours = excluded.credit_hours, type = excluded.type;
insert into public.course(course_id, course_na, credit_hours, type, major_id, plan_id, semester_order) values ('2321409', 'نمذجة وتحليل البرمجيات', 3, 'faculty', 'SE', 'SE_V5', null) on conflict (course_id) do update set course_na = excluded.course_na, credit_hours = excluded.credit_hours, type = excluded.type;
insert into public.course(course_id, course_na, credit_hours, type, major_id, plan_id, semester_order) values ('2321413', 'موضوعات خاصة في هندسة البرمجيات )2(', 3, 'faculty', 'SE', 'SE_V5', null) on conflict (course_id) do update set course_na = excluded.course_na, credit_hours = excluded.credit_hours, type = excluded.type;
insert into public.course(course_id, course_na, credit_hours, type, major_id, plan_id, semester_order) values ('2321414', 'برمجة وهندسة تطبيقات الحاسوب', 3, 'faculty', 'SE', 'SE_V5', null) on conflict (course_id) do update set course_na = excluded.course_na, credit_hours = excluded.credit_hours, type = excluded.type;
insert into public.course(course_id, course_na, credit_hours, type, major_id, plan_id, semester_order) values ('2321415', 'توثيق البرمجيات', 3, 'faculty', 'SE', 'SE_V5', null) on conflict (course_id) do update set course_na = excluded.course_na, credit_hours = excluded.credit_hours, type = excluded.type;
insert into public.course(course_id, course_na, credit_hours, type, major_id, plan_id, semester_order) values ('2321416', 'هندسة البرمجيات المتقدمة', 3, 'faculty', 'SE', 'SE_V5', null) on conflict (course_id) do update set course_na = excluded.course_na, credit_hours = excluded.credit_hours, type = excluded.type;

-- Course prerequisites
insert into public.course_prereq(course_id, prereq_course_id) values ('2110201', '2110122') on conflict do nothing;
insert into public.course_prereq(course_id, prereq_course_id) values ('2321207', '2321201') on conflict do nothing;
insert into public.course_prereq(course_id, prereq_course_id) values ('2312101', '2321102') on conflict do nothing;
insert into public.course_prereq(course_id, prereq_course_id) values ('2312201', '2312101') on conflict do nothing;
insert into public.course_prereq(course_id, prereq_course_id) values ('2312203', '2312201') on conflict do nothing;
insert into public.course_prereq(course_id, prereq_course_id) values ('2312301', '2321305') on conflict do nothing;
insert into public.course_prereq(course_id, prereq_course_id) values ('2312303', '2312203') on conflict do nothing;
insert into public.course_prereq(course_id, prereq_course_id) values ('2312304', '2312303') on conflict do nothing;
insert into public.course_prereq(course_id, prereq_course_id) values ('2312305', '2321202') on conflict do nothing;
insert into public.course_prereq(course_id, prereq_course_id) values ('2312402', '2312203') on conflict do nothing;
insert into public.course_prereq(course_id, prereq_course_id) values ('2312403', '2312304') on conflict do nothing;
insert into public.course_prereq(course_id, prereq_course_id) values ('2312404', '2312304') on conflict do nothing;
insert into public.course_prereq(course_id, prereq_course_id) values ('2312407', '2312404') on conflict do nothing;
insert into public.course_prereq(course_id, prereq_course_id) values ('2312408', '2312404') on conflict do nothing;
insert into public.course_prereq(course_id, prereq_course_id) values ('2321201', '2321101') on conflict do nothing;
insert into public.course_prereq(course_id, prereq_course_id) values ('2321202', '2321201') on conflict do nothing;
insert into public.course_prereq(course_id, prereq_course_id) values ('2321203', '2110122') on conflict do nothing;
insert into public.course_prereq(course_id, prereq_course_id) values ('2321205', '2321201') on conflict do nothing;
insert into public.course_prereq(course_id, prereq_course_id) values ('2321206', '2321103') on conflict do nothing;
insert into public.course_prereq(course_id, prereq_course_id) values ('2321301', '2321207') on conflict do nothing;
insert into public.course_prereq(course_id, prereq_course_id) values ('2321302', '2321102') on conflict do nothing;
insert into public.course_prereq(course_id, prereq_course_id) values ('2321303', '2321206') on conflict do nothing;
insert into public.course_prereq(course_id, prereq_course_id) values ('2321305', '2321207') on conflict do nothing;
insert into public.course_prereq(course_id, prereq_course_id) values ('2312202', '2312101') on conflict do nothing;
insert into public.course_prereq(course_id, prereq_course_id) values ('2312204', '2312101') on conflict do nothing;
insert into public.course_prereq(course_id, prereq_course_id) values ('2312205', '2312201') on conflict do nothing;
insert into public.course_prereq(course_id, prereq_course_id) values ('2312302', '2321302') on conflict do nothing;
insert into public.course_prereq(course_id, prereq_course_id) values ('2312306', '2312402') on conflict do nothing;
insert into public.course_prereq(course_id, prereq_course_id) values ('2312307', '2312203') on conflict do nothing;
insert into public.course_prereq(course_id, prereq_course_id) values ('2312401', '2312203') on conflict do nothing;
insert into public.course_prereq(course_id, prereq_course_id) values ('2312406', '2312306') on conflict do nothing;
insert into public.course_prereq(course_id, prereq_course_id) values ('2312409', '2312304') on conflict do nothing;
insert into public.course_prereq(course_id, prereq_course_id) values ('2312410', '2312301') on conflict do nothing;
insert into public.course_prereq(course_id, prereq_course_id) values ('2110104', '2110101') on conflict do nothing;
insert into public.course_prereq(course_id, prereq_course_id) values ('2110121', '2110122') on conflict do nothing;
insert into public.course_prereq(course_id, prereq_course_id) values ('2321207', '2321104') on conflict do nothing;
insert into public.course_prereq(course_id, prereq_course_id) values ('2312101', '2321101') on conflict do nothing;
insert into public.course_prereq(course_id, prereq_course_id) values ('2312201', '2110121') on conflict do nothing;
insert into public.course_prereq(course_id, prereq_course_id) values ('2312203', '2312201') on conflict do nothing;
insert into public.course_prereq(course_id, prereq_course_id) values ('2312207', '2312101') on conflict do nothing;
insert into public.course_prereq(course_id, prereq_course_id) values ('2312301', '2312207') on conflict do nothing;
insert into public.course_prereq(course_id, prereq_course_id) values ('2312303', '2312203') on conflict do nothing;
insert into public.course_prereq(course_id, prereq_course_id) values ('2312304', '2312203') on conflict do nothing;
insert into public.course_prereq(course_id, prereq_course_id) values ('2312305', '2312303') on conflict do nothing;
insert into public.course_prereq(course_id, prereq_course_id) values ('2312305', '2312207') on conflict do nothing;
insert into public.course_prereq(course_id, prereq_course_id) values ('2312308', '2312301') on conflict do nothing;
insert into public.course_prereq(course_id, prereq_course_id) values ('2312402', '2312304') on conflict do nothing;
insert into public.course_prereq(course_id, prereq_course_id) values ('2312404', '2312304') on conflict do nothing;
insert into public.course_prereq(course_id, prereq_course_id) values ('2312407', '2312404') on conflict do nothing;
insert into public.course_prereq(course_id, prereq_course_id) values ('2312408', '2312404') on conflict do nothing;
insert into public.course_prereq(course_id, prereq_course_id) values ('2312415', '2321215') on conflict do nothing;
insert into public.course_prereq(course_id, prereq_course_id) values ('2312416', '2312415') on conflict do nothing;
insert into public.course_prereq(course_id, prereq_course_id) values ('2321104', '2321101') on conflict do nothing;
insert into public.course_prereq(course_id, prereq_course_id) values ('2321202', '2321104') on conflict do nothing;
insert into public.course_prereq(course_id, prereq_course_id) values ('2321210', '2321203') on conflict do nothing;
insert into public.course_prereq(course_id, prereq_course_id) values ('2321213', '2321210') on conflict do nothing;
insert into public.course_prereq(course_id, prereq_course_id) values ('2321301', '2321207') on conflict do nothing;
insert into public.course_prereq(course_id, prereq_course_id) values ('2321303', '2321213') on conflict do nothing;
insert into public.course_prereq(course_id, prereq_course_id) values ('2321312', '2321104') on conflict do nothing;
insert into public.course_prereq(course_id, prereq_course_id) values ('2312204', '2312201') on conflict do nothing;
insert into public.course_prereq(course_id, prereq_course_id) values ('2312206', '2312207') on conflict do nothing;
insert into public.course_prereq(course_id, prereq_course_id) values ('2312302', '2312203') on conflict do nothing;
insert into public.course_prereq(course_id, prereq_course_id) values ('2312306', '2312203') on conflict do nothing;
insert into public.course_prereq(course_id, prereq_course_id) values ('2312307', '2312303') on conflict do nothing;
insert into public.course_prereq(course_id, prereq_course_id) values ('2312401', '2312305') on conflict do nothing;
insert into public.course_prereq(course_id, prereq_course_id) values ('2312403', '2312404') on conflict do nothing;
insert into public.course_prereq(course_id, prereq_course_id) values ('2312406', '2312305') on conflict do nothing;
insert into public.course_prereq(course_id, prereq_course_id) values ('2312409', '2312404') on conflict do nothing;
insert into public.course_prereq(course_id, prereq_course_id) values ('2312410', '2312301') on conflict do nothing;
insert into public.course_prereq(course_id, prereq_course_id) values ('2110201', '2110122') on conflict do nothing;
insert into public.course_prereq(course_id, prereq_course_id) values ('2110141', '2110122') on conflict do nothing;
insert into public.course_prereq(course_id, prereq_course_id) values ('2312102', '2110138') on conflict do nothing;
insert into public.course_prereq(course_id, prereq_course_id) values ('2312103', '2312102') on conflict do nothing;
insert into public.course_prereq(course_id, prereq_course_id) values ('2312201', '2110121') on conflict do nothing;
insert into public.course_prereq(course_id, prereq_course_id) values ('2312206', '2312207') on conflict do nothing;
insert into public.course_prereq(course_id, prereq_course_id) values ('2312207', '2312102') on conflict do nothing;
insert into public.course_prereq(course_id, prereq_course_id) values ('2312211', '2312201') on conflict do nothing;
insert into public.course_prereq(course_id, prereq_course_id) values ('2312212', '2312211') on conflict do nothing;
insert into public.course_prereq(course_id, prereq_course_id) values ('2312301', '2312207') on conflict do nothing;
insert into public.course_prereq(course_id, prereq_course_id) values ('2312305', '2312207') on conflict do nothing;
insert into public.course_prereq(course_id, prereq_course_id) values ('2312308', '2312301') on conflict do nothing;
insert into public.course_prereq(course_id, prereq_course_id) values ('2312310', '2321207') on conflict do nothing;
insert into public.course_prereq(course_id, prereq_course_id) values ('2312311', '2321207') on conflict do nothing;
insert into public.course_prereq(course_id, prereq_course_id) values ('2312312', '2312311') on conflict do nothing;
insert into public.course_prereq(course_id, prereq_course_id) values ('2312402', '2312404') on conflict do nothing;
insert into public.course_prereq(course_id, prereq_course_id) values ('2312404', '2312301') on conflict do nothing;
insert into public.course_prereq(course_id, prereq_course_id) values ('2312407', '2312402') on conflict do nothing;
insert into public.course_prereq(course_id, prereq_course_id) values ('2312408', '2312404') on conflict do nothing;
insert into public.course_prereq(course_id, prereq_course_id) values ('2312409', '2312402') on conflict do nothing;
insert into public.course_prereq(course_id, prereq_course_id) values ('2312410', '2312301') on conflict do nothing;
insert into public.course_prereq(course_id, prereq_course_id) values ('2312416', '2312415') on conflict do nothing;
insert into public.course_prereq(course_id, prereq_course_id) values ('2321106', '2110138') on conflict do nothing;
insert into public.course_prereq(course_id, prereq_course_id) values ('2321107', '2321106') on conflict do nothing;
insert into public.course_prereq(course_id, prereq_course_id) values ('2321207', '2321106') on conflict do nothing;
insert into public.course_prereq(course_id, prereq_course_id) values ('2331307', '2312311') on conflict do nothing;
insert into public.course_prereq(course_id, prereq_course_id) values ('2331314', '2110141') on conflict do nothing;
insert into public.course_prereq(course_id, prereq_course_id) values ('2312204', '2312206') on conflict do nothing;
insert into public.course_prereq(course_id, prereq_course_id) values ('2312205', '2312201') on conflict do nothing;
insert into public.course_prereq(course_id, prereq_course_id) values ('2312307', '2331307') on conflict do nothing;
insert into public.course_prereq(course_id, prereq_course_id) values ('2312401', '2312305') on conflict do nothing;
insert into public.course_prereq(course_id, prereq_course_id) values ('2312403', '2312301') on conflict do nothing;
insert into public.course_prereq(course_id, prereq_course_id) values ('2110201', '2110122') on conflict do nothing;
insert into public.course_prereq(course_id, prereq_course_id) values ('2110142', '2110122') on conflict do nothing;
insert into public.course_prereq(course_id, prereq_course_id) values ('2312102', '2321106') on conflict do nothing;
insert into public.course_prereq(course_id, prereq_course_id) values ('2312103', '2312102') on conflict do nothing;
insert into public.course_prereq(course_id, prereq_course_id) values ('2312310', '2312311') on conflict do nothing;
insert into public.course_prereq(course_id, prereq_course_id) values ('2312311', '2321106') on conflict do nothing;
insert into public.course_prereq(course_id, prereq_course_id) values ('2312312', '2312311') on conflict do nothing;
insert into public.course_prereq(course_id, prereq_course_id) values ('2321106', '2110138') on conflict do nothing;
insert into public.course_prereq(course_id, prereq_course_id) values ('2321107', '2321106') on conflict do nothing;
insert into public.course_prereq(course_id, prereq_course_id) values ('2321207', '2312311') on conflict do nothing;
insert into public.course_prereq(course_id, prereq_course_id) values ('2321214', '2331314') on conflict do nothing;
insert into public.course_prereq(course_id, prereq_course_id) values ('2321312', '2312311') on conflict do nothing;
insert into public.course_prereq(course_id, prereq_course_id) values ('2331204', '2331101') on conflict do nothing;
insert into public.course_prereq(course_id, prereq_course_id) values ('2331205', '2110142') on conflict do nothing;
insert into public.course_prereq(course_id, prereq_course_id) values ('2331206', '2331205') on conflict do nothing;
insert into public.course_prereq(course_id, prereq_course_id) values ('2331207', '2110139') on conflict do nothing;
insert into public.course_prereq(course_id, prereq_course_id) values ('2331301', '2331205') on conflict do nothing;
insert into public.course_prereq(course_id, prereq_course_id) values ('2331302', '2331301') on conflict do nothing;
insert into public.course_prereq(course_id, prereq_course_id) values ('2331303', '2312311') on conflict do nothing;
insert into public.course_prereq(course_id, prereq_course_id) values ('2331303', '2312102') on conflict do nothing;
insert into public.course_prereq(course_id, prereq_course_id) values ('2331304', '2331303') on conflict do nothing;
insert into public.course_prereq(course_id, prereq_course_id) values ('2331307', '2321214') on conflict do nothing;
insert into public.course_prereq(course_id, prereq_course_id) values ('2331308', '2321214') on conflict do nothing;
insert into public.course_prereq(course_id, prereq_course_id) values ('2331312', '2331303') on conflict do nothing;
insert into public.course_prereq(course_id, prereq_course_id) values ('2331313', '2331312') on conflict do nothing;
insert into public.course_prereq(course_id, prereq_course_id) values ('2331314', '2331207') on conflict do nothing;
insert into public.course_prereq(course_id, prereq_course_id) values ('2331314', '2331101') on conflict do nothing;
insert into public.course_prereq(course_id, prereq_course_id) values ('2331401', '2331312') on conflict do nothing;
insert into public.course_prereq(course_id, prereq_course_id) values ('2331402', '2110140') on conflict do nothing;
insert into public.course_prereq(course_id, prereq_course_id) values ('2331403', '2331401') on conflict do nothing;
insert into public.course_prereq(course_id, prereq_course_id) values ('2331404', '2331314') on conflict do nothing;
insert into public.course_prereq(course_id, prereq_course_id) values ('2331405', '2331401') on conflict do nothing;
insert into public.course_prereq(course_id, prereq_course_id) values ('2331406', '2331402') on conflict do nothing;
insert into public.course_prereq(course_id, prereq_course_id) values ('2321311', '2321312') on conflict do nothing;
insert into public.course_prereq(course_id, prereq_course_id) values ('2331203', '2312310') on conflict do nothing;
insert into public.course_prereq(course_id, prereq_course_id) values ('2331309', '2331308') on conflict do nothing;
insert into public.course_prereq(course_id, prereq_course_id) values ('2331310', '2331308') on conflict do nothing;
insert into public.course_prereq(course_id, prereq_course_id) values ('2331311', '2331314') on conflict do nothing;
insert into public.course_prereq(course_id, prereq_course_id) values ('120104', '120101') on conflict do nothing;
insert into public.course_prereq(course_id, prereq_course_id) values ('120105', '120102') on conflict do nothing;
insert into public.course_prereq(course_id, prereq_course_id) values ('120107', '120106') on conflict do nothing;
insert into public.course_prereq(course_id, prereq_course_id) values ('120152', '120151') on conflict do nothing;
insert into public.course_prereq(course_id, prereq_course_id) values ('311211', '312151') on conflict do nothing;
insert into public.course_prereq(course_id, prereq_course_id) values ('312111', '120103') on conflict do nothing;
insert into public.course_prereq(course_id, prereq_course_id) values ('312151', '120103') on conflict do nothing;
insert into public.course_prereq(course_id, prereq_course_id) values ('312220', '120103') on conflict do nothing;
insert into public.course_prereq(course_id, prereq_course_id) values ('120252', '120152') on conflict do nothing;
insert into public.course_prereq(course_id, prereq_course_id) values ('120253', '120152') on conflict do nothing;
insert into public.course_prereq(course_id, prereq_course_id) values ('311213', '311211') on conflict do nothing;
insert into public.course_prereq(course_id, prereq_course_id) values ('311215', '312111') on conflict do nothing;
insert into public.course_prereq(course_id, prereq_course_id) values ('311251', '312151') on conflict do nothing;
insert into public.course_prereq(course_id, prereq_course_id) values ('311252', '312151') on conflict do nothing;
insert into public.course_prereq(course_id, prereq_course_id) values ('311253', '312151') on conflict do nothing;
insert into public.course_prereq(course_id, prereq_course_id) values ('311261', '311161') on conflict do nothing;
insert into public.course_prereq(course_id, prereq_course_id) values ('311271', '311211') on conflict do nothing;
insert into public.course_prereq(course_id, prereq_course_id) values ('311311', '311211') on conflict do nothing;
insert into public.course_prereq(course_id, prereq_course_id) values ('311331', '311261') on conflict do nothing;
insert into public.course_prereq(course_id, prereq_course_id) values ('311371', '311271') on conflict do nothing;
insert into public.course_prereq(course_id, prereq_course_id) values ('312221', '311271') on conflict do nothing;
insert into public.course_prereq(course_id, prereq_course_id) values ('312321', '312221') on conflict do nothing;
insert into public.course_prereq(course_id, prereq_course_id) values ('312332', '311252') on conflict do nothing;
insert into public.course_prereq(course_id, prereq_course_id) values ('312341', '312221') on conflict do nothing;
insert into public.course_prereq(course_id, prereq_course_id) values ('312342', '312221') on conflict do nothing;
insert into public.course_prereq(course_id, prereq_course_id) values ('312431', '312221') on conflict do nothing;
insert into public.course_prereq(course_id, prereq_course_id) values ('312432', '312321') on conflict do nothing;
insert into public.course_prereq(course_id, prereq_course_id) values ('312441', '312321') on conflict do nothing;
insert into public.course_prereq(course_id, prereq_course_id) values ('311214', '311211') on conflict do nothing;
insert into public.course_prereq(course_id, prereq_course_id) values ('311241', '311215') on conflict do nothing;
insert into public.course_prereq(course_id, prereq_course_id) values ('311323', '311252') on conflict do nothing;
insert into public.course_prereq(course_id, prereq_course_id) values ('311352', '311252') on conflict do nothing;
insert into public.course_prereq(course_id, prereq_course_id) values ('311373', '311371') on conflict do nothing;
insert into public.course_prereq(course_id, prereq_course_id) values ('312331', '312321') on conflict do nothing;
insert into public.course_prereq(course_id, prereq_course_id) values ('312343', '312221') on conflict do nothing;
insert into public.course_prereq(course_id, prereq_course_id) values ('312421', '312321') on conflict do nothing;
insert into public.course_prereq(course_id, prereq_course_id) values ('312442', '312321') on conflict do nothing;
insert into public.course_prereq(course_id, prereq_course_id) values ('413230', '120103') on conflict do nothing;
insert into public.course_prereq(course_id, prereq_course_id) values ('120104', '120101') on conflict do nothing;
insert into public.course_prereq(course_id, prereq_course_id) values ('120105', '120102') on conflict do nothing;
insert into public.course_prereq(course_id, prereq_course_id) values ('311211', '311253') on conflict do nothing;
insert into public.course_prereq(course_id, prereq_course_id) values ('311271', '311211') on conflict do nothing;
insert into public.course_prereq(course_id, prereq_course_id) values ('311318', '312111') on conflict do nothing;
insert into public.course_prereq(course_id, prereq_course_id) values ('312151', '120103') on conflict do nothing;
insert into public.course_prereq(course_id, prereq_course_id) values ('312320', '311271') on conflict do nothing;
insert into public.course_prereq(course_id, prereq_course_id) values ('120252', '120151') on conflict do nothing;
insert into public.course_prereq(course_id, prereq_course_id) values ('311210', '120151') on conflict do nothing;
insert into public.course_prereq(course_id, prereq_course_id) values ('311251', '311253') on conflict do nothing;
insert into public.course_prereq(course_id, prereq_course_id) values ('311252', '311253') on conflict do nothing;
insert into public.course_prereq(course_id, prereq_course_id) values ('311253', '312151') on conflict do nothing;
insert into public.course_prereq(course_id, prereq_course_id) values ('311261', '311161') on conflict do nothing;
insert into public.course_prereq(course_id, prereq_course_id) values ('311311', '311211') on conflict do nothing;
insert into public.course_prereq(course_id, prereq_course_id) values ('311331', '311261') on conflict do nothing;
insert into public.course_prereq(course_id, prereq_course_id) values ('311388', '311271') on conflict do nothing;
insert into public.course_prereq(course_id, prereq_course_id) values ('312221', '311271') on conflict do nothing;
insert into public.course_prereq(course_id, prereq_course_id) values ('312321', '312221') on conflict do nothing;
insert into public.course_prereq(course_id, prereq_course_id) values ('312341', '311251') on conflict do nothing;
insert into public.course_prereq(course_id, prereq_course_id) values ('312342', '312221') on conflict do nothing;
insert into public.course_prereq(course_id, prereq_course_id) values ('312343', '312221') on conflict do nothing;
insert into public.course_prereq(course_id, prereq_course_id) values ('312350', '311251') on conflict do nothing;
insert into public.course_prereq(course_id, prereq_course_id) values ('312410', '312321') on conflict do nothing;
insert into public.course_prereq(course_id, prereq_course_id) values ('312420', '312321') on conflict do nothing;
insert into public.course_prereq(course_id, prereq_course_id) values ('312431', '312341') on conflict do nothing;
insert into public.course_prereq(course_id, prereq_course_id) values ('312441', '312321') on conflict do nothing;
insert into public.course_prereq(course_id, prereq_course_id) values ('313116', '312111') on conflict do nothing;
insert into public.course_prereq(course_id, prereq_course_id) values ('311214', '312111') on conflict do nothing;
insert into public.course_prereq(course_id, prereq_course_id) values ('312356', '312350') on conflict do nothing;
insert into public.course_prereq(course_id, prereq_course_id) values ('312360', '311251') on conflict do nothing;
insert into public.course_prereq(course_id, prereq_course_id) values ('312425', '312321') on conflict do nothing;
insert into public.course_prereq(course_id, prereq_course_id) values ('312442', '312342') on conflict do nothing;
insert into public.course_prereq(course_id, prereq_course_id) values ('313316', '311271') on conflict do nothing;
insert into public.course_prereq(course_id, prereq_course_id) values ('313372', '311318') on conflict do nothing;
insert into public.course_prereq(course_id, prereq_course_id) values ('2110104', '2110101') on conflict do nothing;
insert into public.course_prereq(course_id, prereq_course_id) values ('2110106', '2110102') on conflict do nothing;
insert into public.course_prereq(course_id, prereq_course_id) values ('2110105', '2110104') on conflict do nothing;
insert into public.course_prereq(course_id, prereq_course_id) values ('2110107', '2110106') on conflict do nothing;
insert into public.course_prereq(course_id, prereq_course_id) values ('2110201', '2110122') on conflict do nothing;
insert into public.course_prereq(course_id, prereq_course_id) values ('2321207', '2321104') on conflict do nothing;
insert into public.course_prereq(course_id, prereq_course_id) values ('2312101', '2321101') on conflict do nothing;
insert into public.course_prereq(course_id, prereq_course_id) values ('2321104', '2321101') on conflict do nothing;
insert into public.course_prereq(course_id, prereq_course_id) values ('2321105', '2321102') on conflict do nothing;
insert into public.course_prereq(course_id, prereq_course_id) values ('2321202', '2321104') on conflict do nothing;
insert into public.course_prereq(course_id, prereq_course_id) values ('2321203', '2110122') on conflict do nothing;
insert into public.course_prereq(course_id, prereq_course_id) values ('2321209', '2321105') on conflict do nothing;
insert into public.course_prereq(course_id, prereq_course_id) values ('2321210', '2321102') on conflict do nothing;
insert into public.course_prereq(course_id, prereq_course_id) values ('2321211', '2321209') on conflict do nothing;
insert into public.course_prereq(course_id, prereq_course_id) values ('2321212', '2321209') on conflict do nothing;
insert into public.course_prereq(course_id, prereq_course_id) values ('2321213', '2321210') on conflict do nothing;
insert into public.course_prereq(course_id, prereq_course_id) values ('2321214', '2321207') on conflict do nothing;
insert into public.course_prereq(course_id, prereq_course_id) values ('2321301', '2321207') on conflict do nothing;
insert into public.course_prereq(course_id, prereq_course_id) values ('2321303', '2321213') on conflict do nothing;
insert into public.course_prereq(course_id, prereq_course_id) values ('2321309', '2321202') on conflict do nothing;
insert into public.course_prereq(course_id, prereq_course_id) values ('2321310', '2321212') on conflict do nothing;
insert into public.course_prereq(course_id, prereq_course_id) values ('2321312', '2321104') on conflict do nothing;
insert into public.course_prereq(course_id, prereq_course_id) values ('2321313', '2321211') on conflict do nothing;
insert into public.course_prereq(course_id, prereq_course_id) values ('2321314', '2321211') on conflict do nothing;
insert into public.course_prereq(course_id, prereq_course_id) values ('2321315', '2321313') on conflict do nothing;
insert into public.course_prereq(course_id, prereq_course_id) values ('2321405', '2321315') on conflict do nothing;
insert into public.course_prereq(course_id, prereq_course_id) values ('2321406', '2321315') on conflict do nothing;
insert into public.course_prereq(course_id, prereq_course_id) values ('2321408', '2321315') on conflict do nothing;
insert into public.course_prereq(course_id, prereq_course_id) values ('2321420', '2321215') on conflict do nothing;
insert into public.course_prereq(course_id, prereq_course_id) values ('2321421', '2321420') on conflict do nothing;
insert into public.course_prereq(course_id, prereq_course_id) values ('2321204', '2321102') on conflict do nothing;
insert into public.course_prereq(course_id, prereq_course_id) values ('2321208', '2321202') on conflict do nothing;
insert into public.course_prereq(course_id, prereq_course_id) values ('2321308', '2321202') on conflict do nothing;
insert into public.course_prereq(course_id, prereq_course_id) values ('2321311', '2321211') on conflict do nothing;
insert into public.course_prereq(course_id, prereq_course_id) values ('2321404', '2321105') on conflict do nothing;
insert into public.course_prereq(course_id, prereq_course_id) values ('2321407', '2321105') on conflict do nothing;
insert into public.course_prereq(course_id, prereq_course_id) values ('2321409', '2321313') on conflict do nothing;
insert into public.course_prereq(course_id, prereq_course_id) values ('2321413', '2321407') on conflict do nothing;
insert into public.course_prereq(course_id, prereq_course_id) values ('2321414', '2321105') on conflict do nothing;
insert into public.course_prereq(course_id, prereq_course_id) values ('2321415', '2321211') on conflict do nothing;
insert into public.course_prereq(course_id, prereq_course_id) values ('2321416', '2321105') on conflict do nothing;
insert into public.course_prereq(course_id, prereq_course_id) values ('2110104', '2110101') on conflict do nothing;
insert into public.course_prereq(course_id, prereq_course_id) values ('2110106', '2110102') on conflict do nothing;
insert into public.course_prereq(course_id, prereq_course_id) values ('2110105', '2110104') on conflict do nothing;
insert into public.course_prereq(course_id, prereq_course_id) values ('2110107', '2110106') on conflict do nothing;
insert into public.course_prereq(course_id, prereq_course_id) values ('2110201', '2110122') on conflict do nothing;
insert into public.course_prereq(course_id, prereq_course_id) values ('2110141', '2110122') on conflict do nothing;
insert into public.course_prereq(course_id, prereq_course_id) values ('2312102', '2110138') on conflict do nothing;
insert into public.course_prereq(course_id, prereq_course_id) values ('2312103', '2312102') on conflict do nothing;
insert into public.course_prereq(course_id, prereq_course_id) values ('2312310', '2321207') on conflict do nothing;
insert into public.course_prereq(course_id, prereq_course_id) values ('2312311', '2321209') on conflict do nothing;
insert into public.course_prereq(course_id, prereq_course_id) values ('2312312', '2312311') on conflict do nothing;
insert into public.course_prereq(course_id, prereq_course_id) values ('2321105', '2110139') on conflict do nothing;
insert into public.course_prereq(course_id, prereq_course_id) values ('2321106', '2110138') on conflict do nothing;
insert into public.course_prereq(course_id, prereq_course_id) values ('2321107', '2321106') on conflict do nothing;
insert into public.course_prereq(course_id, prereq_course_id) values ('2321202', '2321106') on conflict do nothing;
insert into public.course_prereq(course_id, prereq_course_id) values ('2321207', '2321106') on conflict do nothing;
insert into public.course_prereq(course_id, prereq_course_id) values ('2321209', '2321105') on conflict do nothing;
insert into public.course_prereq(course_id, prereq_course_id) values ('2321210', '2110139') on conflict do nothing;
insert into public.course_prereq(course_id, prereq_course_id) values ('2321211', '2321209') on conflict do nothing;
insert into public.course_prereq(course_id, prereq_course_id) values ('2321214', '2321207') on conflict do nothing;
insert into public.course_prereq(course_id, prereq_course_id) values ('2321310', '2312311') on conflict do nothing;
insert into public.course_prereq(course_id, prereq_course_id) values ('2321312', '2321106') on conflict do nothing;
insert into public.course_prereq(course_id, prereq_course_id) values ('2321313', '2321211') on conflict do nothing;
insert into public.course_prereq(course_id, prereq_course_id) values ('2321314', '2321211') on conflict do nothing;
insert into public.course_prereq(course_id, prereq_course_id) values ('2321315', '2321313') on conflict do nothing;
insert into public.course_prereq(course_id, prereq_course_id) values ('2321405', '2321315') on conflict do nothing;
insert into public.course_prereq(course_id, prereq_course_id) values ('2321406', '2321315') on conflict do nothing;
insert into public.course_prereq(course_id, prereq_course_id) values ('2321408', '2321315') on conflict do nothing;
insert into public.course_prereq(course_id, prereq_course_id) values ('2321421', '2321420') on conflict do nothing;
insert into public.course_prereq(course_id, prereq_course_id) values ('2331207', '2321210') on conflict do nothing;
insert into public.course_prereq(course_id, prereq_course_id) values ('2331314', '2331207') on conflict do nothing;
insert into public.course_prereq(course_id, prereq_course_id) values ('2321204', '2110139') on conflict do nothing;
insert into public.course_prereq(course_id, prereq_course_id) values ('2321208', '2321202') on conflict do nothing;
insert into public.course_prereq(course_id, prereq_course_id) values ('2321308', '2321202') on conflict do nothing;
insert into public.course_prereq(course_id, prereq_course_id) values ('2321311', '2321211') on conflict do nothing;
insert into public.course_prereq(course_id, prereq_course_id) values ('2321409', '2321313') on conflict do nothing;
insert into public.course_prereq(course_id, prereq_course_id) values ('2321414', '2321105') on conflict do nothing;
insert into public.course_prereq(course_id, prereq_course_id) values ('2321415', '2321211') on conflict do nothing;
insert into public.course_prereq(course_id, prereq_course_id) values ('2321416', '2321105') on conflict do nothing;
insert into public.course_prereq(course_id, prereq_course_id) values ('2331307', '2321105') on conflict do nothing;

commit;

-- Stats: 257 courses, 292 prereq edges